date,account_name,veiculo,id_veiculo,id_campanha,campanha,ad_group_name,ad_name,objective,reach,impressions,id,verba,custo_por_resultado_projetado,volume_esperado
2025-06-06,Sebrae Nacional - DEBRITO,facebook,1,sbrae_2025_psmn,psmn,"2025_6_BR_TRAF_CPC_MULHERES DE 25 A 45 ANOS; INTERESSES EM EMPREENDEDORISMO, PEQUENOS NEGÓCIOS E MEI; COMPORTAMENTO VOLTADO A ENGAJAMENTO COM PERFIS DE NEGÓCIOS E INFLUENCIADORES DE GESTÃO",2025_6_BR_REELS_GABRIELA BAILAS REELS_ACAO_SBRAE_2025_PSMN0289,Tráfego,71315,82306,2025-06-06-PSMN-82306--,50440,2.5,20176
2025-06-06,Sebrae Nacional - DEBRITO,facebook,1,sbrae_2025_psmn,psmn,"2025_6_BR_TRAF_CPC_MULHERES DE 25 A 45 ANOS; INTERESSES EM EMPREENDEDORISMO, PEQUENOS NEGÓCIOS E MEI; COMPORTAMENTO VOLTADO A ENGAJAMENTO COM PERFIS DE NEGÓCIOS E INFLUENCIADORES DE GESTÃO",2025_6_BR_REELS_VIC CERIDONO REELS_ACAO_SBRAE_2025_PSMN0290,Tráfego,274872,308679,2025-06-06-PSMN-308679--,50440,2.5,20176
2025-06-06,Sebrae Nacional - DEBRITO,facebook,1,sbrae_2025_psmn,psmn,"2025_6_BR_TRAF_CPC_MULHERES DE 25 A 45 ANOS; INTERESSES EM EMPREENDEDORISMO, PEQUENOS NEGÓCIOS E MEI; COMPORTAMENTO VOLTADO A ENGAJAMENTO COM PERFIS DE NEGÓCIOS E INFLUENCIADORES DE GESTÃO",2025_6_BR_STORIES_GABRIELA BAILAS STORIES_ACAO_SBRAE_2025_PSMN0292,Tráfego,4227,4689,2025-06-06-PSMN-4689--,50440,2.5,20176
2025-06-06,Sebrae Nacional - DEBRITO,facebook,1,sbrae_2025_psmn,psmn,"2025_6_BR_TRAF_CPC_MULHERES DE 25 A 45 ANOS; INTERESSES EM EMPREENDEDORISMO, PEQUENOS NEGÓCIOS E MEI; COMPORTAMENTO VOLTADO A ENGAJAMENTO COM PERFIS DE NEGÓCIOS E INFLUENCIADORES DE GESTÃO",2025_6_BR_STORIES_VIC CERIDONO STORIES_ACAO_SBRAE_2025_PSMN0291,Tráfego,57687,63111,2025-06-06-PSMN-63111--,50440,2.5,20176
2025-06-07,Sebrae Nacional - DEBRITO,facebook,1,sbrae_2025_psmn,psmn,"2025_6_BR_TRAF_CPC_MULHERES DE 25 A 45 ANOS; INTERESSES EM EMPREENDEDORISMO, PEQUENOS NEGÓCIOS E MEI; COMPORTAMENTO VOLTADO A ENGAJAMENTO COM PERFIS DE NEGÓCIOS E INFLUENCIADORES DE GESTÃO",2025_6_BR_REELS_GABRIELA BAILAS REELS_ACAO_SBRAE_2025_PSMN0289,Tráfego,179787,262455,2025-06-07-PSMN-262455--,50440,2.5,20176
2025-06-07,Sebrae Nacional - DEBRITO,facebook,1,sbrae_2025_psmn,psmn,"2025_6_BR_TRAF_CPC_MULHERES DE 25 A 45 ANOS; INTERESSES EM EMPREENDEDORISMO, PEQUENOS NEGÓCIOS E MEI; COMPORTAMENTO VOLTADO A ENGAJAMENTO COM PERFIS DE NEGÓCIOS E INFLUENCIADORES DE GESTÃO",2025_6_BR_REELS_VIC CERIDONO REELS_ACAO_SBRAE_2025_PSMN0290,Tráfego,247170,338574,2025-06-07-PSMN-338574--,50440,2.5,20176
2025-06-07,Sebrae Nacional - DEBRITO,facebook,1,sbrae_2025_psmn,psmn,"2025_6_BR_TRAF_CPC_MULHERES DE 25 A 45 ANOS; INTERESSES EM EMPREENDEDORISMO, PEQUENOS NEGÓCIOS E MEI; COMPORTAMENTO VOLTADO A ENGAJAMENTO COM PERFIS DE NEGÓCIOS E INFLUENCIADORES DE GESTÃO",2025_6_BR_STORIES_GABRIELA BAILAS STORIES_ACAO_SBRAE_2025_PSMN0292,Tráfego,72495,94028,2025-06-07-PSMN-94028--,50440,2.5,20176
2025-06-07,Sebrae Nacional - DEBRITO,facebook,1,sbrae_2025_psmn,psmn,"2025_6_BR_TRAF_CPC_MULHERES DE 25 A 45 ANOS; INTERESSES EM EMPREENDEDORISMO, PEQUENOS NEGÓCIOS E MEI; COMPORTAMENTO VOLTADO A ENGAJAMENTO COM PERFIS DE NEGÓCIOS E INFLUENCIADORES DE GESTÃO",2025_6_BR_STORIES_VIC CERIDONO STORIES_ACAO_SBRAE_2025_PSMN0291,Tráfego,129117,170984,2025-06-07-PSMN-170984--,50440,2.5,20176
2025-06-08,Sebrae Nacional - DEBRITO,facebook,1,sbrae_2025_psmn,psmn,"2025_6_BR_TRAF_CPC_MULHERES DE 25 A 45 ANOS; INTERESSES EM EMPREENDEDORISMO, PEQUENOS NEGÓCIOS E MEI; COMPORTAMENTO VOLTADO A ENGAJAMENTO COM PERFIS DE NEGÓCIOS E INFLUENCIADORES DE GESTÃO",2025_6_BR_REELS_GABRIELA BAILAS REELS_ACAO_SBRAE_2025_PSMN0289,Tráfego,109373,118890,2025-06-08-PSMN-118890--,50440,2.5,20176
2025-06-08,Sebrae Nacional - DEBRITO,facebook,1,sbrae_2025_psmn,psmn,"2025_6_BR_TRAF_CPC_MULHERES DE 25 A 45 ANOS; INTERESSES EM EMPREENDEDORISMO, PEQUENOS NEGÓCIOS E MEI; COMPORTAMENTO VOLTADO A ENGAJAMENTO COM PERFIS DE NEGÓCIOS E INFLUENCIADORES DE GESTÃO",2025_6_BR_REELS_VIC CERIDONO REELS_ACAO_SBRAE_2025_PSMN0290,Tráfego,227286,276517,2025-06-08-PSMN-276517--,50440,2.5,20176
2025-06-08,Sebrae Nacional - DEBRITO,facebook,1,sbrae_2025_psmn,psmn,"2025_6_BR_TRAF_CPC_MULHERES DE 25 A 45 ANOS; INTERESSES EM EMPREENDEDORISMO, PEQUENOS NEGÓCIOS E MEI; COMPORTAMENTO VOLTADO A ENGAJAMENTO COM PERFIS DE NEGÓCIOS E INFLUENCIADORES DE GESTÃO",2025_6_BR_STORIES_GABRIELA BAILAS STORIES_ACAO_SBRAE_2025_PSMN0292,Tráfego,140342,185034,2025-06-08-PSMN-185034--,50440,2.5,20176
2025-06-08,Sebrae Nacional - DEBRITO,facebook,1,sbrae_2025_psmn,psmn,"2025_6_BR_TRAF_CPC_MULHERES DE 25 A 45 ANOS; INTERESSES EM EMPREENDEDORISMO, PEQUENOS NEGÓCIOS E MEI; COMPORTAMENTO VOLTADO A ENGAJAMENTO COM PERFIS DE NEGÓCIOS E INFLUENCIADORES DE GESTÃO",2025_6_BR_STORIES_VIC CERIDONO STORIES_ACAO_SBRAE_2025_PSMN0291,Tráfego,233253,296348,2025-06-08-PSMN-296348--,50440,2.5,20176
2025-06-09,Sebrae Nacional - DEBRITO,facebook,1,sbrae_2025_psmn,psmn,"2025_6_BR_TRAF_CPC_MULHERES DE 25 A 45 ANOS; INTERESSES EM EMPREENDEDORISMO, PEQUENOS NEGÓCIOS E MEI; COMPORTAMENTO VOLTADO A ENGAJAMENTO COM PERFIS DE NEGÓCIOS E INFLUENCIADORES DE GESTÃO",2025_6_BR_CARD_KV_ACAO_SBRAE_2025_PSMN0293,Tráfego,96107,116702,2025-06-09-PSMN-116702--,50440,2.5,20176
2025-06-09,Sebrae Nacional - DEBRITO,facebook,1,sbrae_2025_psmn,psmn,"2025_6_BR_TRAF_CPC_MULHERES DE 25 A 45 ANOS; INTERESSES EM EMPREENDEDORISMO, PEQUENOS NEGÓCIOS E MEI; COMPORTAMENTO VOLTADO A ENGAJAMENTO COM PERFIS DE NEGÓCIOS E INFLUENCIADORES DE GESTÃO",2025_6_BR_REELS_GABRIELA BAILAS REELS_ACAO_SBRAE_2025_PSMN0289,Tráfego,78265,83814,2025-06-09-PSMN-83814--,50440,2.5,20176
2025-06-09,Sebrae Nacional - DEBRITO,facebook,1,sbrae_2025_psmn,psmn,"2025_6_BR_TRAF_CPC_MULHERES DE 25 A 45 ANOS; INTERESSES EM EMPREENDEDORISMO, PEQUENOS NEGÓCIOS E MEI; COMPORTAMENTO VOLTADO A ENGAJAMENTO COM PERFIS DE NEGÓCIOS E INFLUENCIADORES DE GESTÃO",2025_6_BR_REELS_VIC CERIDONO REELS_ACAO_SBRAE_2025_PSMN0290,Tráfego,261543,304933,2025-06-09-PSMN-304933--,50440,2.5,20176
2025-06-09,Sebrae Nacional - DEBRITO,facebook,1,sbrae_2025_psmn,psmn,"2025_6_BR_TRAF_CPC_MULHERES DE 25 A 45 ANOS; INTERESSES EM EMPREENDEDORISMO, PEQUENOS NEGÓCIOS E MEI; COMPORTAMENTO VOLTADO A ENGAJAMENTO COM PERFIS DE NEGÓCIOS E INFLUENCIADORES DE GESTÃO",2025_6_BR_STORIES_GABRIELA BAILAS STORIES_ACAO_SBRAE_2025_PSMN0292,Tráfego,142807,173517,2025-06-09-PSMN-173517--,50440,2.5,20176
2025-06-09,Sebrae Nacional - DEBRITO,facebook,1,sbrae_2025_psmn,psmn,"2025_6_BR_TRAF_CPC_MULHERES DE 25 A 45 ANOS; INTERESSES EM EMPREENDEDORISMO, PEQUENOS NEGÓCIOS E MEI; COMPORTAMENTO VOLTADO A ENGAJAMENTO COM PERFIS DE NEGÓCIOS E INFLUENCIADORES DE GESTÃO",2025_6_BR_STORIES_VIC CERIDONO STORIES_ACAO_SBRAE_2025_PSMN0291,Tráfego,209513,248753,2025-06-09-PSMN-248753--,50440,2.5,20176
2025-06-10,Sebrae Nacional - DEBRITO,facebook,1,sbrae_2025_psmn,psmn,"2025_6_BR_TRAF_CPC_MULHERES DE 25 A 45 ANOS; INTERESSES EM EMPREENDEDORISMO, PEQUENOS NEGÓCIOS E MEI; COMPORTAMENTO VOLTADO A ENGAJAMENTO COM PERFIS DE NEGÓCIOS E INFLUENCIADORES DE GESTÃO",2025_6_BR_CARD_KV_ACAO_SBRAE_2025_PSMN0293,Tráfego,4203,4437,2025-06-10-PSMN-4437--,50440,2.5,20176
2025-06-10,Sebrae Nacional - DEBRITO,facebook,1,sbrae_2025_psmn,psmn,"2025_6_BR_TRAF_CPC_MULHERES DE 25 A 45 ANOS; INTERESSES EM EMPREENDEDORISMO, PEQUENOS NEGÓCIOS E MEI; COMPORTAMENTO VOLTADO A ENGAJAMENTO COM PERFIS DE NEGÓCIOS E INFLUENCIADORES DE GESTÃO",2025_6_BR_REELS_GABRIELA BAILAS REELS_ACAO_SBRAE_2025_PSMN0289,Tráfego,183,190,2025-06-10-PSMN-190--,50440,2.5,20176
2025-06-10,Sebrae Nacional - DEBRITO,facebook,1,sbrae_2025_psmn,psmn,"2025_6_BR_TRAF_CPC_MULHERES DE 25 A 45 ANOS; INTERESSES EM EMPREENDEDORISMO, PEQUENOS NEGÓCIOS E MEI; COMPORTAMENTO VOLTADO A ENGAJAMENTO COM PERFIS DE NEGÓCIOS E INFLUENCIADORES DE GESTÃO",2025_6_BR_REELS_VIC CERIDONO REELS_ACAO_SBRAE_2025_PSMN0290,Tráfego,89653,96749,2025-06-10-PSMN-96749--,50440,2.5,20176
2025-06-10,Sebrae Nacional - DEBRITO,facebook,1,sbrae_2025_psmn,psmn,"2025_6_BR_TRAF_CPC_MULHERES DE 25 A 45 ANOS; INTERESSES EM EMPREENDEDORISMO, PEQUENOS NEGÓCIOS E MEI; COMPORTAMENTO VOLTADO A ENGAJAMENTO COM PERFIS DE NEGÓCIOS E INFLUENCIADORES DE GESTÃO",2025_6_BR_STORIES_GABRIELA BAILAS STORIES_ACAO_SBRAE_2025_PSMN0292,Tráfego,130487,177679,2025-06-10-PSMN-177679--,50440,2.5,20176
2025-06-10,Sebrae Nacional - DEBRITO,facebook,1,sbrae_2025_psmn,psmn,"2025_6_BR_TRAF_CPC_MULHERES DE 25 A 45 ANOS; INTERESSES EM EMPREENDEDORISMO, PEQUENOS NEGÓCIOS E MEI; COMPORTAMENTO VOLTADO A ENGAJAMENTO COM PERFIS DE NEGÓCIOS E INFLUENCIADORES DE GESTÃO",2025_6_BR_STORIES_VIC CERIDONO STORIES_ACAO_SBRAE_2025_PSMN0291,Tráfego,273382,347083,2025-06-10-PSMN-347083--,50440,2.5,20176
2025-06-11,Sebrae Nacional - DEBRITO,facebook,1,sbrae_2025_psmn,psmn,"2025_6_BR_TRAF_CPC_MULHERES DE 25 A 45 ANOS; INTERESSES EM EMPREENDEDORISMO, PEQUENOS NEGÓCIOS E MEI; COMPORTAMENTO VOLTADO A ENGAJAMENTO COM PERFIS DE NEGÓCIOS E INFLUENCIADORES DE GESTÃO",2025_6_BR_CARD_KV_ACAO_SBRAE_2025_PSMN0293,Tráfego,9929,10588,2025-06-11-PSMN-10588--,50440,2.5,20176
2025-06-11,Sebrae Nacional - DEBRITO,facebook,1,sbrae_2025_psmn,psmn,"2025_6_BR_TRAF_CPC_MULHERES DE 25 A 45 ANOS; INTERESSES EM EMPREENDEDORISMO, PEQUENOS NEGÓCIOS E MEI; COMPORTAMENTO VOLTADO A ENGAJAMENTO COM PERFIS DE NEGÓCIOS E INFLUENCIADORES DE GESTÃO",2025_6_BR_REELS_GABRIELA BAILAS REELS_ACAO_SBRAE_2025_PSMN0289,Tráfego,243,248,2025-06-11-PSMN-248--,50440,2.5,20176
2025-06-11,Sebrae Nacional - DEBRITO,facebook,1,sbrae_2025_psmn,psmn,"2025_6_BR_TRAF_CPC_MULHERES DE 25 A 45 ANOS; INTERESSES EM EMPREENDEDORISMO, PEQUENOS NEGÓCIOS E MEI; COMPORTAMENTO VOLTADO A ENGAJAMENTO COM PERFIS DE NEGÓCIOS E INFLUENCIADORES DE GESTÃO",2025_6_BR_REELS_VIC CERIDONO REELS_ACAO_SBRAE_2025_PSMN0290,Tráfego,31878,33533,2025-06-11-PSMN-33533--,50440,2.5,20176
2025-06-11,Sebrae Nacional - DEBRITO,facebook,1,sbrae_2025_psmn,psmn,"2025_6_BR_TRAF_CPC_MULHERES DE 25 A 45 ANOS; INTERESSES EM EMPREENDEDORISMO, PEQUENOS NEGÓCIOS E MEI; COMPORTAMENTO VOLTADO A ENGAJAMENTO COM PERFIS DE NEGÓCIOS E INFLUENCIADORES DE GESTÃO",2025_6_BR_STORIES_GABRIELA BAILAS STORIES_ACAO_SBRAE_2025_PSMN0292,Tráfego,159684,200177,2025-06-11-PSMN-200177--,50440,2.5,20176
2025-06-11,Sebrae Nacional - DEBRITO,facebook,1,sbrae_2025_psmn,psmn,"2025_6_BR_TRAF_CPC_MULHERES DE 25 A 45 ANOS; INTERESSES EM EMPREENDEDORISMO, PEQUENOS NEGÓCIOS E MEI; COMPORTAMENTO VOLTADO A ENGAJAMENTO COM PERFIS DE NEGÓCIOS E INFLUENCIADORES DE GESTÃO",2025_6_BR_STORIES_VIC CERIDONO STORIES_ACAO_SBRAE_2025_PSMN0291,Tráfego,289449,354007,2025-06-11-PSMN-354007--,50440,2.5,20176
2025-06-12,Sebrae Nacional - DEBRITO,facebook,1,sbrae_2025_psmn,psmn,"2025_6_BR_TRAF_CPC_MULHERES DE 25 A 45 ANOS; INTERESSES EM EMPREENDEDORISMO, PEQUENOS NEGÓCIOS E MEI; COMPORTAMENTO VOLTADO A ENGAJAMENTO COM PERFIS DE NEGÓCIOS E INFLUENCIADORES DE GESTÃO",2025_6_BR_CARD_KV_ACAO_SBRAE_2025_PSMN0293,Tráfego,19966,21369,2025-06-12-PSMN-21369--,50440,2.5,20176
2025-06-12,Sebrae Nacional - DEBRITO,facebook,1,sbrae_2025_psmn,psmn,"2025_6_BR_TRAF_CPC_MULHERES DE 25 A 45 ANOS; INTERESSES EM EMPREENDEDORISMO, PEQUENOS NEGÓCIOS E MEI; COMPORTAMENTO VOLTADO A ENGAJAMENTO COM PERFIS DE NEGÓCIOS E INFLUENCIADORES DE GESTÃO",2025_6_BR_REELS_GABRIELA BAILAS REELS_ACAO_SBRAE_2025_PSMN0289,Tráfego,990,1033,2025-06-12-PSMN-1033--,50440,2.5,20176
2025-06-12,Sebrae Nacional - DEBRITO,facebook,1,sbrae_2025_psmn,psmn,"2025_6_BR_TRAF_CPC_MULHERES DE 25 A 45 ANOS; INTERESSES EM EMPREENDEDORISMO, PEQUENOS NEGÓCIOS E MEI; COMPORTAMENTO VOLTADO A ENGAJAMENTO COM PERFIS DE NEGÓCIOS E INFLUENCIADORES DE GESTÃO",2025_6_BR_REELS_VIC CERIDONO REELS_ACAO_SBRAE_2025_PSMN0290,Tráfego,58940,62277,2025-06-12-PSMN-62277--,50440,2.5,20176
2025-06-12,Sebrae Nacional - DEBRITO,facebook,1,sbrae_2025_psmn,psmn,"2025_6_BR_TRAF_CPC_MULHERES DE 25 A 45 ANOS; INTERESSES EM EMPREENDEDORISMO, PEQUENOS NEGÓCIOS E MEI; COMPORTAMENTO VOLTADO A ENGAJAMENTO COM PERFIS DE NEGÓCIOS E INFLUENCIADORES DE GESTÃO",2025_6_BR_STORIES_GABRIELA BAILAS STORIES_ACAO_SBRAE_2025_PSMN0292,Tráfego,167329,195689,2025-06-12-PSMN-195689--,50440,2.5,20176
2025-06-12,Sebrae Nacional - DEBRITO,facebook,1,sbrae_2025_psmn,psmn,"2025_6_BR_TRAF_CPC_MULHERES DE 25 A 45 ANOS; INTERESSES EM EMPREENDEDORISMO, PEQUENOS NEGÓCIOS E MEI; COMPORTAMENTO VOLTADO A ENGAJAMENTO COM PERFIS DE NEGÓCIOS E INFLUENCIADORES DE GESTÃO",2025_6_BR_STORIES_VIC CERIDONO STORIES_ACAO_SBRAE_2025_PSMN0291,Tráfego,322423,377891,2025-06-12-PSMN-377891--,50440,2.5,20176
2025-06-13,Sebrae Nacional - DEBRITO,facebook,1,sbrae_2025_psmn,psmn,"2025_6_BR_TRAF_CPC_MULHERES DE 25 A 45 ANOS; INTERESSES EM EMPREENDEDORISMO, PEQUENOS NEGÓCIOS E MEI; COMPORTAMENTO VOLTADO A ENGAJAMENTO COM PERFIS DE NEGÓCIOS E INFLUENCIADORES DE GESTÃO",2025_6_BR_CARD_KV_ACAO_SBRAE_2025_PSMN0293,Tráfego,100719,115658,2025-06-13-PSMN-115658--,50440,2.5,20176
2025-06-13,Sebrae Nacional - DEBRITO,facebook,1,sbrae_2025_psmn,psmn,"2025_6_BR_TRAF_CPC_MULHERES DE 25 A 45 ANOS; INTERESSES EM EMPREENDEDORISMO, PEQUENOS NEGÓCIOS E MEI; COMPORTAMENTO VOLTADO A ENGAJAMENTO COM PERFIS DE NEGÓCIOS E INFLUENCIADORES DE GESTÃO",2025_6_BR_REELS_GABRIELA BAILAS REELS_ACAO_SBRAE_2025_PSMN0289,Tráfego,7749,7994,2025-06-13-PSMN-7994--,50440,2.5,20176
2025-06-13,Sebrae Nacional - DEBRITO,facebook,1,sbrae_2025_psmn,psmn,"2025_6_BR_TRAF_CPC_MULHERES DE 25 A 45 ANOS; INTERESSES EM EMPREENDEDORISMO, PEQUENOS NEGÓCIOS E MEI; COMPORTAMENTO VOLTADO A ENGAJAMENTO COM PERFIS DE NEGÓCIOS E INFLUENCIADORES DE GESTÃO",2025_6_BR_REELS_VIC CERIDONO REELS_ACAO_SBRAE_2025_PSMN0290,Tráfego,86694,89918,2025-06-13-PSMN-89918--,50440,2.5,20176
2025-06-13,Sebrae Nacional - DEBRITO,facebook,1,sbrae_2025_psmn,psmn,"2025_6_BR_TRAF_CPC_MULHERES DE 25 A 45 ANOS; INTERESSES EM EMPREENDEDORISMO, PEQUENOS NEGÓCIOS E MEI; COMPORTAMENTO VOLTADO A ENGAJAMENTO COM PERFIS DE NEGÓCIOS E INFLUENCIADORES DE GESTÃO",2025_6_BR_STORIES_GABRIELA BAILAS STORIES_ACAO_SBRAE_2025_PSMN0292,Tráfego,159595,186084,2025-06-13-PSMN-186084--,50440,2.5,20176
2025-06-13,Sebrae Nacional - DEBRITO,facebook,1,sbrae_2025_psmn,psmn,"2025_6_BR_TRAF_CPC_MULHERES DE 25 A 45 ANOS; INTERESSES EM EMPREENDEDORISMO, PEQUENOS NEGÓCIOS E MEI; COMPORTAMENTO VOLTADO A ENGAJAMENTO COM PERFIS DE NEGÓCIOS E INFLUENCIADORES DE GESTÃO",2025_6_BR_STORIES_VIC CERIDONO STORIES_ACAO_SBRAE_2025_PSMN0291,Tráfego,303691,357169,2025-06-13-PSMN-357169--,50440,2.5,20176
2025-06-14,Sebrae Nacional - DEBRITO,facebook,1,sbrae_2025_psmn,psmn,"2025_6_BR_TRAF_CPC_MULHERES DE 25 A 45 ANOS; INTERESSES EM EMPREENDEDORISMO, PEQUENOS NEGÓCIOS E MEI; COMPORTAMENTO VOLTADO A ENGAJAMENTO COM PERFIS DE NEGÓCIOS E INFLUENCIADORES DE GESTÃO",2025_6_BR_CARD_KV_ACAO_SBRAE_2025_PSMN0293,Tráfego,134122,159735,2025-06-14-PSMN-159735--,50440,2.5,20176
2025-06-14,Sebrae Nacional - DEBRITO,facebook,1,sbrae_2025_psmn,psmn,"2025_6_BR_TRAF_CPC_MULHERES DE 25 A 45 ANOS; INTERESSES EM EMPREENDEDORISMO, PEQUENOS NEGÓCIOS E MEI; COMPORTAMENTO VOLTADO A ENGAJAMENTO COM PERFIS DE NEGÓCIOS E INFLUENCIADORES DE GESTÃO",2025_6_BR_REELS_GABRIELA BAILAS REELS_ACAO_SBRAE_2025_PSMN0289,Tráfego,16645,17464,2025-06-14-PSMN-17464--,50440,2.5,20176
2025-06-14,Sebrae Nacional - DEBRITO,facebook,1,sbrae_2025_psmn,psmn,"2025_6_BR_TRAF_CPC_MULHERES DE 25 A 45 ANOS; INTERESSES EM EMPREENDEDORISMO, PEQUENOS NEGÓCIOS E MEI; COMPORTAMENTO VOLTADO A ENGAJAMENTO COM PERFIS DE NEGÓCIOS E INFLUENCIADORES DE GESTÃO",2025_6_BR_REELS_VIC CERIDONO REELS_ACAO_SBRAE_2025_PSMN0290,Tráfego,101257,103747,2025-06-14-PSMN-103747--,50440,2.5,20176
2025-06-14,Sebrae Nacional - DEBRITO,facebook,1,sbrae_2025_psmn,psmn,"2025_6_BR_TRAF_CPC_MULHERES DE 25 A 45 ANOS; INTERESSES EM EMPREENDEDORISMO, PEQUENOS NEGÓCIOS E MEI; COMPORTAMENTO VOLTADO A ENGAJAMENTO COM PERFIS DE NEGÓCIOS E INFLUENCIADORES DE GESTÃO",2025_6_BR_STORIES_GABRIELA BAILAS STORIES_ACAO_SBRAE_2025_PSMN0292,Tráfego,163492,185597,2025-06-14-PSMN-185597--,50440,2.5,20176
2025-06-14,Sebrae Nacional - DEBRITO,facebook,1,sbrae_2025_psmn,psmn,"2025_6_BR_TRAF_CPC_MULHERES DE 25 A 45 ANOS; INTERESSES EM EMPREENDEDORISMO, PEQUENOS NEGÓCIOS E MEI; COMPORTAMENTO VOLTADO A ENGAJAMENTO COM PERFIS DE NEGÓCIOS E INFLUENCIADORES DE GESTÃO",2025_6_BR_STORIES_VIC CERIDONO STORIES_ACAO_SBRAE_2025_PSMN0291,Tráfego,287726,325779,2025-06-14-PSMN-325779--,50440,2.5,20176
2025-06-15,Sebrae Nacional - DEBRITO,facebook,1,sbrae_2025_psmn,psmn,"2025_6_BR_TRAF_CPC_MULHERES DE 25 A 45 ANOS; INTERESSES EM EMPREENDEDORISMO, PEQUENOS NEGÓCIOS E MEI; COMPORTAMENTO VOLTADO A ENGAJAMENTO COM PERFIS DE NEGÓCIOS E INFLUENCIADORES DE GESTÃO",2025_6_BR_CARD_KV_ACAO_SBRAE_2025_PSMN0293,Tráfego,101468,110976,2025-06-15-PSMN-110976--,50440,2.5,20176
2025-06-15,Sebrae Nacional - DEBRITO,facebook,1,sbrae_2025_psmn,psmn,"2025_6_BR_TRAF_CPC_MULHERES DE 25 A 45 ANOS; INTERESSES EM EMPREENDEDORISMO, PEQUENOS NEGÓCIOS E MEI; COMPORTAMENTO VOLTADO A ENGAJAMENTO COM PERFIS DE NEGÓCIOS E INFLUENCIADORES DE GESTÃO",2025_6_BR_REELS_GABRIELA BAILAS REELS_ACAO_SBRAE_2025_PSMN0289,Tráfego,4459,4459,2025-06-15-PSMN-4459--,50440,2.5,20176
2025-06-15,Sebrae Nacional - DEBRITO,facebook,1,sbrae_2025_psmn,psmn,"2025_6_BR_TRAF_CPC_MULHERES DE 25 A 45 ANOS; INTERESSES EM EMPREENDEDORISMO, PEQUENOS NEGÓCIOS E MEI; COMPORTAMENTO VOLTADO A ENGAJAMENTO COM PERFIS DE NEGÓCIOS E INFLUENCIADORES DE GESTÃO",2025_6_BR_REELS_VIC CERIDONO REELS_ACAO_SBRAE_2025_PSMN0290,Tráfego,36062,37600,2025-06-15-PSMN-37600--,50440,2.5,20176
2025-06-15,Sebrae Nacional - DEBRITO,facebook,1,sbrae_2025_psmn,psmn,"2025_6_BR_TRAF_CPC_MULHERES DE 25 A 45 ANOS; INTERESSES EM EMPREENDEDORISMO, PEQUENOS NEGÓCIOS E MEI; COMPORTAMENTO VOLTADO A ENGAJAMENTO COM PERFIS DE NEGÓCIOS E INFLUENCIADORES DE GESTÃO",2025_6_BR_STORIES_GABRIELA BAILAS STORIES_ACAO_SBRAE_2025_PSMN0292,Tráfego,45019,46964,2025-06-15-PSMN-46964--,50440,2.5,20176
2025-06-15,Sebrae Nacional - DEBRITO,facebook,1,sbrae_2025_psmn,psmn,"2025_6_BR_TRAF_CPC_MULHERES DE 25 A 45 ANOS; INTERESSES EM EMPREENDEDORISMO, PEQUENOS NEGÓCIOS E MEI; COMPORTAMENTO VOLTADO A ENGAJAMENTO COM PERFIS DE NEGÓCIOS E INFLUENCIADORES DE GESTÃO",2025_6_BR_STORIES_VIC CERIDONO STORIES_ACAO_SBRAE_2025_PSMN0291,Tráfego,94845,105448,2025-06-15-PSMN-105448--,50440,2.5,20176
2025-06-06,Sebrae Nacional - Debrito Brasília,tiktok,151,sbrae_2025_psmn,psmn,"2025_6_BR_TRAF_CPC_MULHERES DE 25 A 45 ANOS; INTERESSES EM EMPREENDEDORISMO, PEQUENOS NEGÓCIOS E MEI; COMPORTAMENTO VOLTADO A ENGAJAMENTO COM PERFIS DE NEGÓCIOS E INFLUENCIADORES DE GESTÃO",2025_6_BR_VÍDEO_GABI BAILAS_ACAO_SBRAE_2025_PSMN0294,Tráfego,69577,160960,2025-06-06-PSMN-160960--,19369,4.8,4035
2025-06-07,Sebrae Nacional - Debrito Brasília,tiktok,151,sbrae_2025_psmn,psmn,"2025_6_BR_TRAF_CPC_MULHERES DE 25 A 45 ANOS; INTERESSES EM EMPREENDEDORISMO, PEQUENOS NEGÓCIOS E MEI; COMPORTAMENTO VOLTADO A ENGAJAMENTO COM PERFIS DE NEGÓCIOS E INFLUENCIADORES DE GESTÃO",2025_6_BR_VÍDEO_GABI BAILAS_ACAO_SBRAE_2025_PSMN0294,Tráfego,120271,706418,2025-06-07-PSMN-706418--,19369,4.8,4035
2025-06-08,Sebrae Nacional - Debrito Brasília,tiktok,151,sbrae_2025_psmn,psmn,"2025_6_BR_TRAF_CPC_MULHERES DE 25 A 45 ANOS; INTERESSES EM EMPREENDEDORISMO, PEQUENOS NEGÓCIOS E MEI; COMPORTAMENTO VOLTADO A ENGAJAMENTO COM PERFIS DE NEGÓCIOS E INFLUENCIADORES DE GESTÃO",2025_6_BR_VÍDEO_GABI BAILAS_ACAO_SBRAE_2025_PSMN0294,Tráfego,233982,935155,2025-06-08-PSMN-935155--,19369,4.8,4035
2025-06-09,Sebrae Nacional - Debrito Brasília,tiktok,151,sbrae_2025_psmn,psmn,"2025_6_BR_TRAF_CPC_MULHERES DE 25 A 45 ANOS; INTERESSES EM EMPREENDEDORISMO, PEQUENOS NEGÓCIOS E MEI; COMPORTAMENTO VOLTADO A ENGAJAMENTO COM PERFIS DE NEGÓCIOS E INFLUENCIADORES DE GESTÃO",2025_6_BR_VÍDEO_GABI BAILAS_ACAO_SBRAE_2025_PSMN0294,Tráfego,231939,609756,2025-06-09-PSMN-609756--,19369,4.8,4035
2025-06-10,Sebrae Nacional - Debrito Brasília,tiktok,151,sbrae_2025_psmn,psmn,"2025_6_BR_TRAF_CPC_MULHERES DE 25 A 45 ANOS; INTERESSES EM EMPREENDEDORISMO, PEQUENOS NEGÓCIOS E MEI; COMPORTAMENTO VOLTADO A ENGAJAMENTO COM PERFIS DE NEGÓCIOS E INFLUENCIADORES DE GESTÃO",2025_6_BR_VÍDEO_GABI BAILAS_ACAO_SBRAE_2025_PSMN0294,Tráfego,245007,607206,2025-06-10-PSMN-607206--,19369,4.8,4035
2025-06-11,Sebrae Nacional - Debrito Brasília,tiktok,151,sbrae_2025_psmn,psmn,"2025_6_BR_TRAF_CPC_MULHERES DE 25 A 45 ANOS; INTERESSES EM EMPREENDEDORISMO, PEQUENOS NEGÓCIOS E MEI; COMPORTAMENTO VOLTADO A ENGAJAMENTO COM PERFIS DE NEGÓCIOS E INFLUENCIADORES DE GESTÃO",2025_6_BR_VÍDEO_GABI BAILAS_ACAO_SBRAE_2025_PSMN0294,Tráfego,250545,546130,2025-06-11-PSMN-546130--,19369,4.8,4035
2025-06-12,Sebrae Nacional - Debrito Brasília,tiktok,151,sbrae_2025_psmn,psmn,"2025_6_BR_TRAF_CPC_MULHERES DE 25 A 45 ANOS; INTERESSES EM EMPREENDEDORISMO, PEQUENOS NEGÓCIOS E MEI; COMPORTAMENTO VOLTADO A ENGAJAMENTO COM PERFIS DE NEGÓCIOS E INFLUENCIADORES DE GESTÃO",2025_6_BR_VÍDEO_GABI BAILAS_ACAO_SBRAE_2025_PSMN0294,Tráfego,254653,581640,2025-06-12-PSMN-581640--,19369,4.8,4035
2025-06-13,Sebrae Nacional - Debrito Brasília,tiktok,151,sbrae_2025_psmn,psmn,"2025_6_BR_TRAF_CPC_MULHERES DE 25 A 45 ANOS; INTERESSES EM EMPREENDEDORISMO, PEQUENOS NEGÓCIOS E MEI; COMPORTAMENTO VOLTADO A ENGAJAMENTO COM PERFIS DE NEGÓCIOS E INFLUENCIADORES DE GESTÃO",2025_6_BR_VÍDEO_GABI BAILAS_ACAO_SBRAE_2025_PSMN0294,Tráfego,233935,602188,2025-06-13-PSMN-602188--,19369,4.8,4035
2025-06-14,Sebrae Nacional - Debrito Brasília,tiktok,151,sbrae_2025_psmn,psmn,"2025_6_BR_TRAF_CPC_MULHERES DE 25 A 45 ANOS; INTERESSES EM EMPREENDEDORISMO, PEQUENOS NEGÓCIOS E MEI; COMPORTAMENTO VOLTADO A ENGAJAMENTO COM PERFIS DE NEGÓCIOS E INFLUENCIADORES DE GESTÃO",2025_6_BR_VÍDEO_GABI BAILAS_ACAO_SBRAE_2025_PSMN0294,Tráfego,263278,904307,2025-06-14-PSMN-904307--,19369,4.8,4035
2025-06-15,Sebrae Nacional - Debrito Brasília,tiktok,151,sbrae_2025_psmn,psmn,"2025_6_BR_TRAF_CPC_MULHERES DE 25 A 45 ANOS; INTERESSES EM EMPREENDEDORISMO, PEQUENOS NEGÓCIOS E MEI; COMPORTAMENTO VOLTADO A ENGAJAMENTO COM PERFIS DE NEGÓCIOS E INFLUENCIADORES DE GESTÃO",2025_6_BR_VÍDEO_GABI BAILAS_ACAO_SBRAE_2025_PSMN0294,Tráfego,155686,528497,2025-06-15-PSMN-528497--,19369,4.8,4035
