date,account_name,id_veiculo,veiculo,id_campanha,campanha,ad_group_name,ad_name,objective,gender,impressions,cost,link_clicks,video_watched_100,id,verba,custo_por_resultado_projetado,volume_esperado
2025-06-06,Sebrae Nacional - DEBRITO,1,facebook,sbrae_2025_psmn,psmn,"2025_6_BR_TRAF_CPC_MULHERES DE 25 A 45 ANOS; INTERESSES EM EMPREENDEDORISMO, PEQUENOS NEGÓCIOS E MEI; COMPORTAMENTO VOLTADO A ENGAJAMENTO COM PERFIS DE NEGÓCIOS E INFLUENCIADORES DE GESTÃO",2025_6_BR_REELS_GABRIELA BAILAS REELS_ACAO_SBRAE_2025_PSMN0289,Tráfego,Mulher,74834,"403,44",578,29,"2025-06-06-PSMN-74834-403,44-578",50440,2.5,20176
2025-06-06,Sebrae Nacional - DEBRITO,1,facebook,sbrae_2025_psmn,psmn,"2025_6_BR_TRAF_CPC_MULHERES DE 25 A 45 ANOS; INTERESSES EM EMPREENDEDORISMO, PEQUENOS NEGÓCIOS E MEI; COMPORTAMENTO VOLTADO A ENGAJAMENTO COM PERFIS DE NEGÓCIOS E INFLUENCIADORES DE GESTÃO",2025_6_BR_REELS_VIC CERIDONO REELS_ACAO_SBRAE_2025_PSMN0290,Tráfego,Mulher,263720,"2298,66",2752,700,"2025-06-06-PSMN-263720-2298,66-2752",50440,2.5,20176
2025-06-06,Sebrae Nacional - DEBRITO,1,facebook,sbrae_2025_psmn,psmn,"2025_6_BR_TRAF_CPC_MULHERES DE 25 A 45 ANOS; INTERESSES EM EMPREENDEDORISMO, PEQUENOS NEGÓCIOS E MEI; COMPORTAMENTO VOLTADO A ENGAJAMENTO COM PERFIS DE NEGÓCIOS E INFLUENCIADORES DE GESTÃO",2025_6_BR_STORIES_GABRIELA BAILAS STORIES_ACAO_SBRAE_2025_PSMN0292,Tráfego,Mulher,3900,"44,9",62,114,"2025-06-06-PSMN-3900-44,9-62",50440,2.5,20176
2025-06-06,Sebrae Nacional - DEBRITO,1,facebook,sbrae_2025_psmn,psmn,"2025_6_BR_TRAF_CPC_MULHERES DE 25 A 45 ANOS; INTERESSES EM EMPREENDEDORISMO, PEQUENOS NEGÓCIOS E MEI; COMPORTAMENTO VOLTADO A ENGAJAMENTO COM PERFIS DE NEGÓCIOS E INFLUENCIADORES DE GESTÃO",2025_6_BR_STORIES_VIC CERIDONO STORIES_ACAO_SBRAE_2025_PSMN0291,Tráfego,Mulher,49681,"400,8",1116,2218,"2025-06-06-PSMN-49681-400,8-1116",50440,2.5,20176
2025-06-06,Sebrae Nacional - DEBRITO,1,facebook,sbrae_2025_psmn,psmn,"2025_6_BR_TRAF_CPC_MULHERES DE 25 A 45 ANOS; INTERESSES EM EMPREENDEDORISMO, PEQUENOS NEGÓCIOS E MEI; COMPORTAMENTO VOLTADO A ENGAJAMENTO COM PERFIS DE NEGÓCIOS E INFLUENCIADORES DE GESTÃO",2025_6_BR_REELS_GABRIELA BAILAS REELS_ACAO_SBRAE_2025_PSMN0289,Tráfego,Homem,7398,"54,57",78,2,"2025-06-06-PSMN-7398-54,57-78",50440,2.5,20176
2025-06-06,Sebrae Nacional - DEBRITO,1,facebook,sbrae_2025_psmn,psmn,"2025_6_BR_TRAF_CPC_MULHERES DE 25 A 45 ANOS; INTERESSES EM EMPREENDEDORISMO, PEQUENOS NEGÓCIOS E MEI; COMPORTAMENTO VOLTADO A ENGAJAMENTO COM PERFIS DE NEGÓCIOS E INFLUENCIADORES DE GESTÃO",2025_6_BR_REELS_VIC CERIDONO REELS_ACAO_SBRAE_2025_PSMN0290,Tráfego,Homem,44611,"415,83",573,94,"2025-06-06-PSMN-44611-415,83-573",50440,2.5,20176
2025-06-06,Sebrae Nacional - DEBRITO,1,facebook,sbrae_2025_psmn,psmn,"2025_6_BR_TRAF_CPC_MULHERES DE 25 A 45 ANOS; INTERESSES EM EMPREENDEDORISMO, PEQUENOS NEGÓCIOS E MEI; COMPORTAMENTO VOLTADO A ENGAJAMENTO COM PERFIS DE NEGÓCIOS E INFLUENCIADORES DE GESTÃO",2025_6_BR_STORIES_GABRIELA BAILAS STORIES_ACAO_SBRAE_2025_PSMN0292,Tráfego,Homem,785,"6,1",20,15,"2025-06-06-PSMN-785-6,1-20",50440,2.5,20176
2025-06-06,Sebrae Nacional - DEBRITO,1,facebook,sbrae_2025_psmn,psmn,"2025_6_BR_TRAF_CPC_MULHERES DE 25 A 45 ANOS; INTERESSES EM EMPREENDEDORISMO, PEQUENOS NEGÓCIOS E MEI; COMPORTAMENTO VOLTADO A ENGAJAMENTO COM PERFIS DE NEGÓCIOS E INFLUENCIADORES DE GESTÃO",2025_6_BR_STORIES_VIC CERIDONO STORIES_ACAO_SBRAE_2025_PSMN0291,Tráfego,Homem,13351,"105,79",313,488,"2025-06-06-PSMN-13351-105,79-313",50440,2.5,20176
2025-06-06,Sebrae Nacional - DEBRITO,1,facebook,sbrae_2025_psmn,psmn,"2025_6_BR_TRAF_CPC_MULHERES DE 25 A 45 ANOS; INTERESSES EM EMPREENDEDORISMO, PEQUENOS NEGÓCIOS E MEI; COMPORTAMENTO VOLTADO A ENGAJAMENTO COM PERFIS DE NEGÓCIOS E INFLUENCIADORES DE GESTÃO",2025_6_BR_REELS_GABRIELA BAILAS REELS_ACAO_SBRAE_2025_PSMN0289,Tráfego,Não classificado,74,"0,59",,,"2025-06-06-PSMN-74-0,59-",50440,2.5,20176
2025-06-06,Sebrae Nacional - DEBRITO,1,facebook,sbrae_2025_psmn,psmn,"2025_6_BR_TRAF_CPC_MULHERES DE 25 A 45 ANOS; INTERESSES EM EMPREENDEDORISMO, PEQUENOS NEGÓCIOS E MEI; COMPORTAMENTO VOLTADO A ENGAJAMENTO COM PERFIS DE NEGÓCIOS E INFLUENCIADORES DE GESTÃO",2025_6_BR_REELS_VIC CERIDONO REELS_ACAO_SBRAE_2025_PSMN0290,Tráfego,Não classificado,348,"3,45",6,1,"2025-06-06-PSMN-348-3,45-6",50440,2.5,20176
2025-06-06,Sebrae Nacional - DEBRITO,1,facebook,sbrae_2025_psmn,psmn,"2025_6_BR_TRAF_CPC_MULHERES DE 25 A 45 ANOS; INTERESSES EM EMPREENDEDORISMO, PEQUENOS NEGÓCIOS E MEI; COMPORTAMENTO VOLTADO A ENGAJAMENTO COM PERFIS DE NEGÓCIOS E INFLUENCIADORES DE GESTÃO",2025_6_BR_STORIES_GABRIELA BAILAS STORIES_ACAO_SBRAE_2025_PSMN0292,Tráfego,Não classificado,4,"0,03",,,"2025-06-06-PSMN-4-0,03-",50440,2.5,20176
2025-06-06,Sebrae Nacional - DEBRITO,1,facebook,sbrae_2025_psmn,psmn,"2025_6_BR_TRAF_CPC_MULHERES DE 25 A 45 ANOS; INTERESSES EM EMPREENDEDORISMO, PEQUENOS NEGÓCIOS E MEI; COMPORTAMENTO VOLTADO A ENGAJAMENTO COM PERFIS DE NEGÓCIOS E INFLUENCIADORES DE GESTÃO",2025_6_BR_STORIES_VIC CERIDONO STORIES_ACAO_SBRAE_2025_PSMN0291,Tráfego,Não classificado,79,"0,54",1,3,"2025-06-06-PSMN-79-0,54-1",50440,2.5,20176
2025-06-07,Sebrae Nacional - DEBRITO,1,facebook,sbrae_2025_psmn,psmn,"2025_6_BR_TRAF_CPC_MULHERES DE 25 A 45 ANOS; INTERESSES EM EMPREENDEDORISMO, PEQUENOS NEGÓCIOS E MEI; COMPORTAMENTO VOLTADO A ENGAJAMENTO COM PERFIS DE NEGÓCIOS E INFLUENCIADORES DE GESTÃO",2025_6_BR_REELS_GABRIELA BAILAS REELS_ACAO_SBRAE_2025_PSMN0289,Tráfego,Mulher,237929,"1029,43",1890,21,"2025-06-07-PSMN-237929-1029,43-1890",50440,2.5,20176
2025-06-07,Sebrae Nacional - DEBRITO,1,facebook,sbrae_2025_psmn,psmn,"2025_6_BR_TRAF_CPC_MULHERES DE 25 A 45 ANOS; INTERESSES EM EMPREENDEDORISMO, PEQUENOS NEGÓCIOS E MEI; COMPORTAMENTO VOLTADO A ENGAJAMENTO COM PERFIS DE NEGÓCIOS E INFLUENCIADORES DE GESTÃO",2025_6_BR_REELS_VIC CERIDONO REELS_ACAO_SBRAE_2025_PSMN0290,Tráfego,Mulher,299449,"2040,55",4723,948,"2025-06-07-PSMN-299449-2040,55-4723",50440,2.5,20176
2025-06-07,Sebrae Nacional - DEBRITO,1,facebook,sbrae_2025_psmn,psmn,"2025_6_BR_TRAF_CPC_MULHERES DE 25 A 45 ANOS; INTERESSES EM EMPREENDEDORISMO, PEQUENOS NEGÓCIOS E MEI; COMPORTAMENTO VOLTADO A ENGAJAMENTO COM PERFIS DE NEGÓCIOS E INFLUENCIADORES DE GESTÃO",2025_6_BR_STORIES_GABRIELA BAILAS STORIES_ACAO_SBRAE_2025_PSMN0292,Tráfego,Mulher,66310,"664,02",2917,1522,"2025-06-07-PSMN-66310-664,02-2917",50440,2.5,20176
2025-06-07,Sebrae Nacional - DEBRITO,1,facebook,sbrae_2025_psmn,psmn,"2025_6_BR_TRAF_CPC_MULHERES DE 25 A 45 ANOS; INTERESSES EM EMPREENDEDORISMO, PEQUENOS NEGÓCIOS E MEI; COMPORTAMENTO VOLTADO A ENGAJAMENTO COM PERFIS DE NEGÓCIOS E INFLUENCIADORES DE GESTÃO",2025_6_BR_STORIES_VIC CERIDONO STORIES_ACAO_SBRAE_2025_PSMN0291,Tráfego,Mulher,130217,"1001,87",3402,6479,"2025-06-07-PSMN-130217-1001,87-3402",50440,2.5,20176
2025-06-07,Sebrae Nacional - DEBRITO,1,facebook,sbrae_2025_psmn,psmn,"2025_6_BR_TRAF_CPC_MULHERES DE 25 A 45 ANOS; INTERESSES EM EMPREENDEDORISMO, PEQUENOS NEGÓCIOS E MEI; COMPORTAMENTO VOLTADO A ENGAJAMENTO COM PERFIS DE NEGÓCIOS E INFLUENCIADORES DE GESTÃO",2025_6_BR_REELS_GABRIELA BAILAS REELS_ACAO_SBRAE_2025_PSMN0289,Tráfego,Homem,24210,"114,14",214,,"2025-06-07-PSMN-24210-114,14-214",50440,2.5,20176
2025-06-07,Sebrae Nacional - DEBRITO,1,facebook,sbrae_2025_psmn,psmn,"2025_6_BR_TRAF_CPC_MULHERES DE 25 A 45 ANOS; INTERESSES EM EMPREENDEDORISMO, PEQUENOS NEGÓCIOS E MEI; COMPORTAMENTO VOLTADO A ENGAJAMENTO COM PERFIS DE NEGÓCIOS E INFLUENCIADORES DE GESTÃO",2025_6_BR_REELS_VIC CERIDONO REELS_ACAO_SBRAE_2025_PSMN0290,Tráfego,Homem,38647,"310,52",824,74,"2025-06-07-PSMN-38647-310,52-824",50440,2.5,20176
2025-06-07,Sebrae Nacional - DEBRITO,1,facebook,sbrae_2025_psmn,psmn,"2025_6_BR_TRAF_CPC_MULHERES DE 25 A 45 ANOS; INTERESSES EM EMPREENDEDORISMO, PEQUENOS NEGÓCIOS E MEI; COMPORTAMENTO VOLTADO A ENGAJAMENTO COM PERFIS DE NEGÓCIOS E INFLUENCIADORES DE GESTÃO",2025_6_BR_STORIES_GABRIELA BAILAS STORIES_ACAO_SBRAE_2025_PSMN0292,Tráfego,Homem,27627,"231,88",1162,509,"2025-06-07-PSMN-27627-231,88-1162",50440,2.5,20176
2025-06-07,Sebrae Nacional - DEBRITO,1,facebook,sbrae_2025_psmn,psmn,"2025_6_BR_TRAF_CPC_MULHERES DE 25 A 45 ANOS; INTERESSES EM EMPREENDEDORISMO, PEQUENOS NEGÓCIOS E MEI; COMPORTAMENTO VOLTADO A ENGAJAMENTO COM PERFIS DE NEGÓCIOS E INFLUENCIADORES DE GESTÃO",2025_6_BR_STORIES_VIC CERIDONO STORIES_ACAO_SBRAE_2025_PSMN0291,Tráfego,Homem,40508,"278,17",1034,1222,"2025-06-07-PSMN-40508-278,17-1034",50440,2.5,20176
2025-06-07,Sebrae Nacional - DEBRITO,1,facebook,sbrae_2025_psmn,psmn,"2025_6_BR_TRAF_CPC_MULHERES DE 25 A 45 ANOS; INTERESSES EM EMPREENDEDORISMO, PEQUENOS NEGÓCIOS E MEI; COMPORTAMENTO VOLTADO A ENGAJAMENTO COM PERFIS DE NEGÓCIOS E INFLUENCIADORES DE GESTÃO",2025_6_BR_REELS_GABRIELA BAILAS REELS_ACAO_SBRAE_2025_PSMN0289,Tráfego,Não classificado,316,"1,48",5,,"2025-06-07-PSMN-316-1,48-5",50440,2.5,20176
2025-06-07,Sebrae Nacional - DEBRITO,1,facebook,sbrae_2025_psmn,psmn,"2025_6_BR_TRAF_CPC_MULHERES DE 25 A 45 ANOS; INTERESSES EM EMPREENDEDORISMO, PEQUENOS NEGÓCIOS E MEI; COMPORTAMENTO VOLTADO A ENGAJAMENTO COM PERFIS DE NEGÓCIOS E INFLUENCIADORES DE GESTÃO",2025_6_BR_REELS_VIC CERIDONO REELS_ACAO_SBRAE_2025_PSMN0290,Tráfego,Não classificado,478,"4,11",6,1,"2025-06-07-PSMN-478-4,11-6",50440,2.5,20176
2025-06-07,Sebrae Nacional - DEBRITO,1,facebook,sbrae_2025_psmn,psmn,"2025_6_BR_TRAF_CPC_MULHERES DE 25 A 45 ANOS; INTERESSES EM EMPREENDEDORISMO, PEQUENOS NEGÓCIOS E MEI; COMPORTAMENTO VOLTADO A ENGAJAMENTO COM PERFIS DE NEGÓCIOS E INFLUENCIADORES DE GESTÃO",2025_6_BR_STORIES_GABRIELA BAILAS STORIES_ACAO_SBRAE_2025_PSMN0292,Tráfego,Não classificado,91,"0,74",2,2,"2025-06-07-PSMN-91-0,74-2",50440,2.5,20176
2025-06-07,Sebrae Nacional - DEBRITO,1,facebook,sbrae_2025_psmn,psmn,"2025_6_BR_TRAF_CPC_MULHERES DE 25 A 45 ANOS; INTERESSES EM EMPREENDEDORISMO, PEQUENOS NEGÓCIOS E MEI; COMPORTAMENTO VOLTADO A ENGAJAMENTO COM PERFIS DE NEGÓCIOS E INFLUENCIADORES DE GESTÃO",2025_6_BR_STORIES_VIC CERIDONO STORIES_ACAO_SBRAE_2025_PSMN0291,Tráfego,Não classificado,259,"1,64",3,12,"2025-06-07-PSMN-259-1,64-3",50440,2.5,20176
2025-06-08,Sebrae Nacional - DEBRITO,1,facebook,sbrae_2025_psmn,psmn,"2025_6_BR_TRAF_CPC_MULHERES DE 25 A 45 ANOS; INTERESSES EM EMPREENDEDORISMO, PEQUENOS NEGÓCIOS E MEI; COMPORTAMENTO VOLTADO A ENGAJAMENTO COM PERFIS DE NEGÓCIOS E INFLUENCIADORES DE GESTÃO",2025_6_BR_REELS_GABRIELA BAILAS REELS_ACAO_SBRAE_2025_PSMN0289,Tráfego,Mulher,93495,"398,42",1063,13,"2025-06-08-PSMN-93495-398,42-1063",50440,2.5,20176
2025-06-08,Sebrae Nacional - DEBRITO,1,facebook,sbrae_2025_psmn,psmn,"2025_6_BR_TRAF_CPC_MULHERES DE 25 A 45 ANOS; INTERESSES EM EMPREENDEDORISMO, PEQUENOS NEGÓCIOS E MEI; COMPORTAMENTO VOLTADO A ENGAJAMENTO COM PERFIS DE NEGÓCIOS E INFLUENCIADORES DE GESTÃO",2025_6_BR_REELS_VIC CERIDONO REELS_ACAO_SBRAE_2025_PSMN0290,Tráfego,Mulher,215616,"1535,94",4639,947,"2025-06-08-PSMN-215616-1535,94-4639",50440,2.5,20176
2025-06-08,Sebrae Nacional - DEBRITO,1,facebook,sbrae_2025_psmn,psmn,"2025_6_BR_TRAF_CPC_MULHERES DE 25 A 45 ANOS; INTERESSES EM EMPREENDEDORISMO, PEQUENOS NEGÓCIOS E MEI; COMPORTAMENTO VOLTADO A ENGAJAMENTO COM PERFIS DE NEGÓCIOS E INFLUENCIADORES DE GESTÃO",2025_6_BR_STORIES_GABRIELA BAILAS STORIES_ACAO_SBRAE_2025_PSMN0292,Tráfego,Mulher,115232,"1016,09",4565,2764,"2025-06-08-PSMN-115232-1016,09-4565",50440,2.5,20176
2025-06-08,Sebrae Nacional - DEBRITO,1,facebook,sbrae_2025_psmn,psmn,"2025_6_BR_TRAF_CPC_MULHERES DE 25 A 45 ANOS; INTERESSES EM EMPREENDEDORISMO, PEQUENOS NEGÓCIOS E MEI; COMPORTAMENTO VOLTADO A ENGAJAMENTO COM PERFIS DE NEGÓCIOS E INFLUENCIADORES DE GESTÃO",2025_6_BR_STORIES_VIC CERIDONO STORIES_ACAO_SBRAE_2025_PSMN0291,Tráfego,Mulher,217179,"1295,46",5097,11118,"2025-06-08-PSMN-217179-1295,46-5097",50440,2.5,20176
2025-06-08,Sebrae Nacional - DEBRITO,1,facebook,sbrae_2025_psmn,psmn,"2025_6_BR_TRAF_CPC_MULHERES DE 25 A 45 ANOS; INTERESSES EM EMPREENDEDORISMO, PEQUENOS NEGÓCIOS E MEI; COMPORTAMENTO VOLTADO A ENGAJAMENTO COM PERFIS DE NEGÓCIOS E INFLUENCIADORES DE GESTÃO",2025_6_BR_REELS_GABRIELA BAILAS REELS_ACAO_SBRAE_2025_PSMN0289,Tráfego,Homem,25141,"99,38",296,2,"2025-06-08-PSMN-25141-99,38-296",50440,2.5,20176
2025-06-08,Sebrae Nacional - DEBRITO,1,facebook,sbrae_2025_psmn,psmn,"2025_6_BR_TRAF_CPC_MULHERES DE 25 A 45 ANOS; INTERESSES EM EMPREENDEDORISMO, PEQUENOS NEGÓCIOS E MEI; COMPORTAMENTO VOLTADO A ENGAJAMENTO COM PERFIS DE NEGÓCIOS E INFLUENCIADORES DE GESTÃO",2025_6_BR_REELS_VIC CERIDONO REELS_ACAO_SBRAE_2025_PSMN0290,Tráfego,Homem,60388,"469,43",1362,179,"2025-06-08-PSMN-60388-469,43-1362",50440,2.5,20176
2025-06-08,Sebrae Nacional - DEBRITO,1,facebook,sbrae_2025_psmn,psmn,"2025_6_BR_TRAF_CPC_MULHERES DE 25 A 45 ANOS; INTERESSES EM EMPREENDEDORISMO, PEQUENOS NEGÓCIOS E MEI; COMPORTAMENTO VOLTADO A ENGAJAMENTO COM PERFIS DE NEGÓCIOS E INFLUENCIADORES DE GESTÃO",2025_6_BR_STORIES_GABRIELA BAILAS STORIES_ACAO_SBRAE_2025_PSMN0292,Tráfego,Homem,69502,"479,12",2232,1393,"2025-06-08-PSMN-69502-479,12-2232",50440,2.5,20176
2025-06-08,Sebrae Nacional - DEBRITO,1,facebook,sbrae_2025_psmn,psmn,"2025_6_BR_TRAF_CPC_MULHERES DE 25 A 45 ANOS; INTERESSES EM EMPREENDEDORISMO, PEQUENOS NEGÓCIOS E MEI; COMPORTAMENTO VOLTADO A ENGAJAMENTO COM PERFIS DE NEGÓCIOS E INFLUENCIADORES DE GESTÃO",2025_6_BR_STORIES_VIC CERIDONO STORIES_ACAO_SBRAE_2025_PSMN0291,Tráfego,Homem,78561,"429,09",1540,2160,"2025-06-08-PSMN-78561-429,09-1540",50440,2.5,20176
2025-06-08,Sebrae Nacional - DEBRITO,1,facebook,sbrae_2025_psmn,psmn,"2025_6_BR_TRAF_CPC_MULHERES DE 25 A 45 ANOS; INTERESSES EM EMPREENDEDORISMO, PEQUENOS NEGÓCIOS E MEI; COMPORTAMENTO VOLTADO A ENGAJAMENTO COM PERFIS DE NEGÓCIOS E INFLUENCIADORES DE GESTÃO",2025_6_BR_REELS_GABRIELA BAILAS REELS_ACAO_SBRAE_2025_PSMN0289,Tráfego,Não classificado,254,"0,92",4,,"2025-06-08-PSMN-254-0,92-4",50440,2.5,20176
2025-06-08,Sebrae Nacional - DEBRITO,1,facebook,sbrae_2025_psmn,psmn,"2025_6_BR_TRAF_CPC_MULHERES DE 25 A 45 ANOS; INTERESSES EM EMPREENDEDORISMO, PEQUENOS NEGÓCIOS E MEI; COMPORTAMENTO VOLTADO A ENGAJAMENTO COM PERFIS DE NEGÓCIOS E INFLUENCIADORES DE GESTÃO",2025_6_BR_REELS_VIC CERIDONO REELS_ACAO_SBRAE_2025_PSMN0290,Tráfego,Não classificado,513,"3,7",12,3,"2025-06-08-PSMN-513-3,7-12",50440,2.5,20176
2025-06-08,Sebrae Nacional - DEBRITO,1,facebook,sbrae_2025_psmn,psmn,"2025_6_BR_TRAF_CPC_MULHERES DE 25 A 45 ANOS; INTERESSES EM EMPREENDEDORISMO, PEQUENOS NEGÓCIOS E MEI; COMPORTAMENTO VOLTADO A ENGAJAMENTO COM PERFIS DE NEGÓCIOS E INFLUENCIADORES DE GESTÃO",2025_6_BR_STORIES_GABRIELA BAILAS STORIES_ACAO_SBRAE_2025_PSMN0292,Tráfego,Não classificado,300,"1,91",9,7,"2025-06-08-PSMN-300-1,91-9",50440,2.5,20176
2025-06-08,Sebrae Nacional - DEBRITO,1,facebook,sbrae_2025_psmn,psmn,"2025_6_BR_TRAF_CPC_MULHERES DE 25 A 45 ANOS; INTERESSES EM EMPREENDEDORISMO, PEQUENOS NEGÓCIOS E MEI; COMPORTAMENTO VOLTADO A ENGAJAMENTO COM PERFIS DE NEGÓCIOS E INFLUENCIADORES DE GESTÃO",2025_6_BR_STORIES_VIC CERIDONO STORIES_ACAO_SBRAE_2025_PSMN0291,Tráfego,Não classificado,608,"2,93",8,14,"2025-06-08-PSMN-608-2,93-8",50440,2.5,20176
2025-06-09,Sebrae Nacional - DEBRITO,1,facebook,sbrae_2025_psmn,psmn,"2025_6_BR_TRAF_CPC_MULHERES DE 25 A 45 ANOS; INTERESSES EM EMPREENDEDORISMO, PEQUENOS NEGÓCIOS E MEI; COMPORTAMENTO VOLTADO A ENGAJAMENTO COM PERFIS DE NEGÓCIOS E INFLUENCIADORES DE GESTÃO",2025_6_BR_CARD_KV_ACAO_SBRAE_2025_PSMN0293,Tráfego,Mulher,99164,"398,42",963,,"2025-06-09-PSMN-99164-398,42-963",50440,2.5,20176
2025-06-09,Sebrae Nacional - DEBRITO,1,facebook,sbrae_2025_psmn,psmn,"2025_6_BR_TRAF_CPC_MULHERES DE 25 A 45 ANOS; INTERESSES EM EMPREENDEDORISMO, PEQUENOS NEGÓCIOS E MEI; COMPORTAMENTO VOLTADO A ENGAJAMENTO COM PERFIS DE NEGÓCIOS E INFLUENCIADORES DE GESTÃO",2025_6_BR_REELS_GABRIELA BAILAS REELS_ACAO_SBRAE_2025_PSMN0289,Tráfego,Mulher,63618,"292,88",727,5,"2025-06-09-PSMN-63618-292,88-727",50440,2.5,20176
2025-06-09,Sebrae Nacional - DEBRITO,1,facebook,sbrae_2025_psmn,psmn,"2025_6_BR_TRAF_CPC_MULHERES DE 25 A 45 ANOS; INTERESSES EM EMPREENDEDORISMO, PEQUENOS NEGÓCIOS E MEI; COMPORTAMENTO VOLTADO A ENGAJAMENTO COM PERFIS DE NEGÓCIOS E INFLUENCIADORES DE GESTÃO",2025_6_BR_REELS_VIC CERIDONO REELS_ACAO_SBRAE_2025_PSMN0290,Tráfego,Mulher,223878,"1974,77",6536,966,"2025-06-09-PSMN-223878-1974,77-6536",50440,2.5,20176
2025-06-09,Sebrae Nacional - DEBRITO,1,facebook,sbrae_2025_psmn,psmn,"2025_6_BR_TRAF_CPC_MULHERES DE 25 A 45 ANOS; INTERESSES EM EMPREENDEDORISMO, PEQUENOS NEGÓCIOS E MEI; COMPORTAMENTO VOLTADO A ENGAJAMENTO COM PERFIS DE NEGÓCIOS E INFLUENCIADORES DE GESTÃO",2025_6_BR_STORIES_GABRIELA BAILAS STORIES_ACAO_SBRAE_2025_PSMN0292,Tráfego,Mulher,91947,"750,28",3165,1945,"2025-06-09-PSMN-91947-750,28-3165",50440,2.5,20176
2025-06-09,Sebrae Nacional - DEBRITO,1,facebook,sbrae_2025_psmn,psmn,"2025_6_BR_TRAF_CPC_MULHERES DE 25 A 45 ANOS; INTERESSES EM EMPREENDEDORISMO, PEQUENOS NEGÓCIOS E MEI; COMPORTAMENTO VOLTADO A ENGAJAMENTO COM PERFIS DE NEGÓCIOS E INFLUENCIADORES DE GESTÃO",2025_6_BR_STORIES_VIC CERIDONO STORIES_ACAO_SBRAE_2025_PSMN0291,Tráfego,Mulher,182988,"1147,2",4189,8050,"2025-06-09-PSMN-182988-1147,2-4189",50440,2.5,20176
2025-06-09,Sebrae Nacional - DEBRITO,1,facebook,sbrae_2025_psmn,psmn,"2025_6_BR_TRAF_CPC_MULHERES DE 25 A 45 ANOS; INTERESSES EM EMPREENDEDORISMO, PEQUENOS NEGÓCIOS E MEI; COMPORTAMENTO VOLTADO A ENGAJAMENTO COM PERFIS DE NEGÓCIOS E INFLUENCIADORES DE GESTÃO",2025_6_BR_CARD_KV_ACAO_SBRAE_2025_PSMN0293,Tráfego,Homem,17237,"64,51",141,,"2025-06-09-PSMN-17237-64,51-141",50440,2.5,20176
2025-06-09,Sebrae Nacional - DEBRITO,1,facebook,sbrae_2025_psmn,psmn,"2025_6_BR_TRAF_CPC_MULHERES DE 25 A 45 ANOS; INTERESSES EM EMPREENDEDORISMO, PEQUENOS NEGÓCIOS E MEI; COMPORTAMENTO VOLTADO A ENGAJAMENTO COM PERFIS DE NEGÓCIOS E INFLUENCIADORES DE GESTÃO",2025_6_BR_REELS_GABRIELA BAILAS REELS_ACAO_SBRAE_2025_PSMN0289,Tráfego,Homem,20000,"99,08",257,,"2025-06-09-PSMN-20000-99,08-257",50440,2.5,20176
2025-06-09,Sebrae Nacional - DEBRITO,1,facebook,sbrae_2025_psmn,psmn,"2025_6_BR_TRAF_CPC_MULHERES DE 25 A 45 ANOS; INTERESSES EM EMPREENDEDORISMO, PEQUENOS NEGÓCIOS E MEI; COMPORTAMENTO VOLTADO A ENGAJAMENTO COM PERFIS DE NEGÓCIOS E INFLUENCIADORES DE GESTÃO",2025_6_BR_REELS_VIC CERIDONO REELS_ACAO_SBRAE_2025_PSMN0290,Tráfego,Homem,80475,"763,09",2408,232,"2025-06-09-PSMN-80475-763,09-2408",50440,2.5,20176
2025-06-09,Sebrae Nacional - DEBRITO,1,facebook,sbrae_2025_psmn,psmn,"2025_6_BR_TRAF_CPC_MULHERES DE 25 A 45 ANOS; INTERESSES EM EMPREENDEDORISMO, PEQUENOS NEGÓCIOS E MEI; COMPORTAMENTO VOLTADO A ENGAJAMENTO COM PERFIS DE NEGÓCIOS E INFLUENCIADORES DE GESTÃO",2025_6_BR_STORIES_GABRIELA BAILAS STORIES_ACAO_SBRAE_2025_PSMN0292,Tráfego,Homem,81242,"490,11",2171,1391,"2025-06-09-PSMN-81242-490,11-2171",50440,2.5,20176
2025-06-09,Sebrae Nacional - DEBRITO,1,facebook,sbrae_2025_psmn,psmn,"2025_6_BR_TRAF_CPC_MULHERES DE 25 A 45 ANOS; INTERESSES EM EMPREENDEDORISMO, PEQUENOS NEGÓCIOS E MEI; COMPORTAMENTO VOLTADO A ENGAJAMENTO COM PERFIS DE NEGÓCIOS E INFLUENCIADORES DE GESTÃO",2025_6_BR_STORIES_VIC CERIDONO STORIES_ACAO_SBRAE_2025_PSMN0291,Tráfego,Homem,65251,"373,44",1363,1608,"2025-06-09-PSMN-65251-373,44-1363",50440,2.5,20176
2025-06-09,Sebrae Nacional - DEBRITO,1,facebook,sbrae_2025_psmn,psmn,"2025_6_BR_TRAF_CPC_MULHERES DE 25 A 45 ANOS; INTERESSES EM EMPREENDEDORISMO, PEQUENOS NEGÓCIOS E MEI; COMPORTAMENTO VOLTADO A ENGAJAMENTO COM PERFIS DE NEGÓCIOS E INFLUENCIADORES DE GESTÃO",2025_6_BR_CARD_KV_ACAO_SBRAE_2025_PSMN0293,Tráfego,Não classificado,301,"1,12",4,,"2025-06-09-PSMN-301-1,12-4",50440,2.5,20176
2025-06-09,Sebrae Nacional - DEBRITO,1,facebook,sbrae_2025_psmn,psmn,"2025_6_BR_TRAF_CPC_MULHERES DE 25 A 45 ANOS; INTERESSES EM EMPREENDEDORISMO, PEQUENOS NEGÓCIOS E MEI; COMPORTAMENTO VOLTADO A ENGAJAMENTO COM PERFIS DE NEGÓCIOS E INFLUENCIADORES DE GESTÃO",2025_6_BR_REELS_GABRIELA BAILAS REELS_ACAO_SBRAE_2025_PSMN0289,Tráfego,Não classificado,196,"1,1",3,,"2025-06-09-PSMN-196-1,1-3",50440,2.5,20176
2025-06-09,Sebrae Nacional - DEBRITO,1,facebook,sbrae_2025_psmn,psmn,"2025_6_BR_TRAF_CPC_MULHERES DE 25 A 45 ANOS; INTERESSES EM EMPREENDEDORISMO, PEQUENOS NEGÓCIOS E MEI; COMPORTAMENTO VOLTADO A ENGAJAMENTO COM PERFIS DE NEGÓCIOS E INFLUENCIADORES DE GESTÃO",2025_6_BR_REELS_VIC CERIDONO REELS_ACAO_SBRAE_2025_PSMN0290,Tráfego,Não classificado,580,5,18,2,2025-06-09-PSMN-580-5-18,50440,2.5,20176
2025-06-09,Sebrae Nacional - DEBRITO,1,facebook,sbrae_2025_psmn,psmn,"2025_6_BR_TRAF_CPC_MULHERES DE 25 A 45 ANOS; INTERESSES EM EMPREENDEDORISMO, PEQUENOS NEGÓCIOS E MEI; COMPORTAMENTO VOLTADO A ENGAJAMENTO COM PERFIS DE NEGÓCIOS E INFLUENCIADORES DE GESTÃO",2025_6_BR_STORIES_GABRIELA BAILAS STORIES_ACAO_SBRAE_2025_PSMN0292,Tráfego,Não classificado,328,"1,78",5,5,"2025-06-09-PSMN-328-1,78-5",50440,2.5,20176
2025-06-09,Sebrae Nacional - DEBRITO,1,facebook,sbrae_2025_psmn,psmn,"2025_6_BR_TRAF_CPC_MULHERES DE 25 A 45 ANOS; INTERESSES EM EMPREENDEDORISMO, PEQUENOS NEGÓCIOS E MEI; COMPORTAMENTO VOLTADO A ENGAJAMENTO COM PERFIS DE NEGÓCIOS E INFLUENCIADORES DE GESTÃO",2025_6_BR_STORIES_VIC CERIDONO STORIES_ACAO_SBRAE_2025_PSMN0291,Tráfego,Não classificado,514,"3,05",18,23,"2025-06-09-PSMN-514-3,05-18",50440,2.5,20176
2025-06-10,Sebrae Nacional - DEBRITO,1,facebook,sbrae_2025_psmn,psmn,"2025_6_BR_TRAF_CPC_MULHERES DE 25 A 45 ANOS; INTERESSES EM EMPREENDEDORISMO, PEQUENOS NEGÓCIOS E MEI; COMPORTAMENTO VOLTADO A ENGAJAMENTO COM PERFIS DE NEGÓCIOS E INFLUENCIADORES DE GESTÃO",2025_6_BR_CARD_KV_ACAO_SBRAE_2025_PSMN0293,Tráfego,Mulher,3644,"12,7",43,,"2025-06-10-PSMN-3644-12,7-43",50440,2.5,20176
2025-06-10,Sebrae Nacional - DEBRITO,1,facebook,sbrae_2025_psmn,psmn,"2025_6_BR_TRAF_CPC_MULHERES DE 25 A 45 ANOS; INTERESSES EM EMPREENDEDORISMO, PEQUENOS NEGÓCIOS E MEI; COMPORTAMENTO VOLTADO A ENGAJAMENTO COM PERFIS DE NEGÓCIOS E INFLUENCIADORES DE GESTÃO",2025_6_BR_REELS_GABRIELA BAILAS REELS_ACAO_SBRAE_2025_PSMN0289,Tráfego,Mulher,124,"0,68",7,,"2025-06-10-PSMN-124-0,68-7",50440,2.5,20176
2025-06-10,Sebrae Nacional - DEBRITO,1,facebook,sbrae_2025_psmn,psmn,"2025_6_BR_TRAF_CPC_MULHERES DE 25 A 45 ANOS; INTERESSES EM EMPREENDEDORISMO, PEQUENOS NEGÓCIOS E MEI; COMPORTAMENTO VOLTADO A ENGAJAMENTO COM PERFIS DE NEGÓCIOS E INFLUENCIADORES DE GESTÃO",2025_6_BR_REELS_VIC CERIDONO REELS_ACAO_SBRAE_2025_PSMN0290,Tráfego,Mulher,73243,"880,43",4082,569,"2025-06-10-PSMN-73243-880,43-4082",50440,2.5,20176
2025-06-10,Sebrae Nacional - DEBRITO,1,facebook,sbrae_2025_psmn,psmn,"2025_6_BR_TRAF_CPC_MULHERES DE 25 A 45 ANOS; INTERESSES EM EMPREENDEDORISMO, PEQUENOS NEGÓCIOS E MEI; COMPORTAMENTO VOLTADO A ENGAJAMENTO COM PERFIS DE NEGÓCIOS E INFLUENCIADORES DE GESTÃO",2025_6_BR_STORIES_GABRIELA BAILAS STORIES_ACAO_SBRAE_2025_PSMN0292,Tráfego,Mulher,109199,"1267,51",8285,1219,"2025-06-10-PSMN-109199-1267,51-8285",50440,2.5,20176
2025-06-10,Sebrae Nacional - DEBRITO,1,facebook,sbrae_2025_psmn,psmn,"2025_6_BR_TRAF_CPC_MULHERES DE 25 A 45 ANOS; INTERESSES EM EMPREENDEDORISMO, PEQUENOS NEGÓCIOS E MEI; COMPORTAMENTO VOLTADO A ENGAJAMENTO COM PERFIS DE NEGÓCIOS E INFLUENCIADORES DE GESTÃO",2025_6_BR_STORIES_VIC CERIDONO STORIES_ACAO_SBRAE_2025_PSMN0291,Tráfego,Mulher,258615,"1859,17",10088,8054,"2025-06-10-PSMN-258615-1859,17-10088",50440,2.5,20176
2025-06-10,Sebrae Nacional - DEBRITO,1,facebook,sbrae_2025_psmn,psmn,"2025_6_BR_TRAF_CPC_MULHERES DE 25 A 45 ANOS; INTERESSES EM EMPREENDEDORISMO, PEQUENOS NEGÓCIOS E MEI; COMPORTAMENTO VOLTADO A ENGAJAMENTO COM PERFIS DE NEGÓCIOS E INFLUENCIADORES DE GESTÃO",2025_6_BR_CARD_KV_ACAO_SBRAE_2025_PSMN0293,Tráfego,Homem,781,"1,96",6,,"2025-06-10-PSMN-781-1,96-6",50440,2.5,20176
2025-06-10,Sebrae Nacional - DEBRITO,1,facebook,sbrae_2025_psmn,psmn,"2025_6_BR_TRAF_CPC_MULHERES DE 25 A 45 ANOS; INTERESSES EM EMPREENDEDORISMO, PEQUENOS NEGÓCIOS E MEI; COMPORTAMENTO VOLTADO A ENGAJAMENTO COM PERFIS DE NEGÓCIOS E INFLUENCIADORES DE GESTÃO",2025_6_BR_REELS_GABRIELA BAILAS REELS_ACAO_SBRAE_2025_PSMN0289,Tráfego,Homem,66,"0,31",2,,"2025-06-10-PSMN-66-0,31-2",50440,2.5,20176
2025-06-10,Sebrae Nacional - DEBRITO,1,facebook,sbrae_2025_psmn,psmn,"2025_6_BR_TRAF_CPC_MULHERES DE 25 A 45 ANOS; INTERESSES EM EMPREENDEDORISMO, PEQUENOS NEGÓCIOS E MEI; COMPORTAMENTO VOLTADO A ENGAJAMENTO COM PERFIS DE NEGÓCIOS E INFLUENCIADORES DE GESTÃO",2025_6_BR_REELS_VIC CERIDONO REELS_ACAO_SBRAE_2025_PSMN0290,Tráfego,Homem,23368,"234,49",1049,106,"2025-06-10-PSMN-23368-234,49-1049",50440,2.5,20176
2025-06-10,Sebrae Nacional - DEBRITO,1,facebook,sbrae_2025_psmn,psmn,"2025_6_BR_TRAF_CPC_MULHERES DE 25 A 45 ANOS; INTERESSES EM EMPREENDEDORISMO, PEQUENOS NEGÓCIOS E MEI; COMPORTAMENTO VOLTADO A ENGAJAMENTO COM PERFIS DE NEGÓCIOS E INFLUENCIADORES DE GESTÃO",2025_6_BR_STORIES_GABRIELA BAILAS STORIES_ACAO_SBRAE_2025_PSMN0292,Tráfego,Homem,68272,"629,65",4232,515,"2025-06-10-PSMN-68272-629,65-4232",50440,2.5,20176
2025-06-10,Sebrae Nacional - DEBRITO,1,facebook,sbrae_2025_psmn,psmn,"2025_6_BR_TRAF_CPC_MULHERES DE 25 A 45 ANOS; INTERESSES EM EMPREENDEDORISMO, PEQUENOS NEGÓCIOS E MEI; COMPORTAMENTO VOLTADO A ENGAJAMENTO COM PERFIS DE NEGÓCIOS E INFLUENCIADORES DE GESTÃO",2025_6_BR_STORIES_VIC CERIDONO STORIES_ACAO_SBRAE_2025_PSMN0291,Tráfego,Homem,87942,"549,02",2980,1847,"2025-06-10-PSMN-87942-549,02-2980",50440,2.5,20176
2025-06-10,Sebrae Nacional - DEBRITO,1,facebook,sbrae_2025_psmn,psmn,"2025_6_BR_TRAF_CPC_MULHERES DE 25 A 45 ANOS; INTERESSES EM EMPREENDEDORISMO, PEQUENOS NEGÓCIOS E MEI; COMPORTAMENTO VOLTADO A ENGAJAMENTO COM PERFIS DE NEGÓCIOS E INFLUENCIADORES DE GESTÃO",2025_6_BR_CARD_KV_ACAO_SBRAE_2025_PSMN0293,Tráfego,Não classificado,12,"0,02",,,"2025-06-10-PSMN-12-0,02-",50440,2.5,20176
2025-06-10,Sebrae Nacional - DEBRITO,1,facebook,sbrae_2025_psmn,psmn,"2025_6_BR_TRAF_CPC_MULHERES DE 25 A 45 ANOS; INTERESSES EM EMPREENDEDORISMO, PEQUENOS NEGÓCIOS E MEI; COMPORTAMENTO VOLTADO A ENGAJAMENTO COM PERFIS DE NEGÓCIOS E INFLUENCIADORES DE GESTÃO",2025_6_BR_REELS_VIC CERIDONO REELS_ACAO_SBRAE_2025_PSMN0290,Tráfego,Não classificado,138,"1,47",9,,"2025-06-10-PSMN-138-1,47-9",50440,2.5,20176
2025-06-10,Sebrae Nacional - DEBRITO,1,facebook,sbrae_2025_psmn,psmn,"2025_6_BR_TRAF_CPC_MULHERES DE 25 A 45 ANOS; INTERESSES EM EMPREENDEDORISMO, PEQUENOS NEGÓCIOS E MEI; COMPORTAMENTO VOLTADO A ENGAJAMENTO COM PERFIS DE NEGÓCIOS E INFLUENCIADORES DE GESTÃO",2025_6_BR_STORIES_GABRIELA BAILAS STORIES_ACAO_SBRAE_2025_PSMN0292,Tráfego,Não classificado,208,"1,74",12,3,"2025-06-10-PSMN-208-1,74-12",50440,2.5,20176
2025-06-10,Sebrae Nacional - DEBRITO,1,facebook,sbrae_2025_psmn,psmn,"2025_6_BR_TRAF_CPC_MULHERES DE 25 A 45 ANOS; INTERESSES EM EMPREENDEDORISMO, PEQUENOS NEGÓCIOS E MEI; COMPORTAMENTO VOLTADO A ENGAJAMENTO COM PERFIS DE NEGÓCIOS E INFLUENCIADORES DE GESTÃO",2025_6_BR_STORIES_VIC CERIDONO STORIES_ACAO_SBRAE_2025_PSMN0291,Tráfego,Não classificado,526,"2,72",16,10,"2025-06-10-PSMN-526-2,72-16",50440,2.5,20176
2025-06-11,Sebrae Nacional - DEBRITO,1,facebook,sbrae_2025_psmn,psmn,"2025_6_BR_TRAF_CPC_MULHERES DE 25 A 45 ANOS; INTERESSES EM EMPREENDEDORISMO, PEQUENOS NEGÓCIOS E MEI; COMPORTAMENTO VOLTADO A ENGAJAMENTO COM PERFIS DE NEGÓCIOS E INFLUENCIADORES DE GESTÃO",2025_6_BR_CARD_KV_ACAO_SBRAE_2025_PSMN0293,Tráfego,Mulher,8671,"29,91",109,,"2025-06-11-PSMN-8671-29,91-109",50440,2.5,20176
2025-06-11,Sebrae Nacional - DEBRITO,1,facebook,sbrae_2025_psmn,psmn,"2025_6_BR_TRAF_CPC_MULHERES DE 25 A 45 ANOS; INTERESSES EM EMPREENDEDORISMO, PEQUENOS NEGÓCIOS E MEI; COMPORTAMENTO VOLTADO A ENGAJAMENTO COM PERFIS DE NEGÓCIOS E INFLUENCIADORES DE GESTÃO",2025_6_BR_REELS_GABRIELA BAILAS REELS_ACAO_SBRAE_2025_PSMN0289,Tráfego,Mulher,140,"1,23",6,,"2025-06-11-PSMN-140-1,23-6",50440,2.5,20176
2025-06-11,Sebrae Nacional - DEBRITO,1,facebook,sbrae_2025_psmn,psmn,"2025_6_BR_TRAF_CPC_MULHERES DE 25 A 45 ANOS; INTERESSES EM EMPREENDEDORISMO, PEQUENOS NEGÓCIOS E MEI; COMPORTAMENTO VOLTADO A ENGAJAMENTO COM PERFIS DE NEGÓCIOS E INFLUENCIADORES DE GESTÃO",2025_6_BR_REELS_VIC CERIDONO REELS_ACAO_SBRAE_2025_PSMN0290,Tráfego,Mulher,23738,"129,81",502,90,"2025-06-11-PSMN-23738-129,81-502",50440,2.5,20176
2025-06-11,Sebrae Nacional - DEBRITO,1,facebook,sbrae_2025_psmn,psmn,"2025_6_BR_TRAF_CPC_MULHERES DE 25 A 45 ANOS; INTERESSES EM EMPREENDEDORISMO, PEQUENOS NEGÓCIOS E MEI; COMPORTAMENTO VOLTADO A ENGAJAMENTO COM PERFIS DE NEGÓCIOS E INFLUENCIADORES DE GESTÃO",2025_6_BR_STORIES_GABRIELA BAILAS STORIES_ACAO_SBRAE_2025_PSMN0292,Tráfego,Mulher,127801,"1510,62",7937,1707,"2025-06-11-PSMN-127801-1510,62-7937",50440,2.5,20176
2025-06-11,Sebrae Nacional - DEBRITO,1,facebook,sbrae_2025_psmn,psmn,"2025_6_BR_TRAF_CPC_MULHERES DE 25 A 45 ANOS; INTERESSES EM EMPREENDEDORISMO, PEQUENOS NEGÓCIOS E MEI; COMPORTAMENTO VOLTADO A ENGAJAMENTO COM PERFIS DE NEGÓCIOS E INFLUENCIADORES DE GESTÃO",2025_6_BR_STORIES_VIC CERIDONO STORIES_ACAO_SBRAE_2025_PSMN0291,Tráfego,Mulher,258500,"1980,2",9208,8346,"2025-06-11-PSMN-258500-1980,2-9208",50440,2.5,20176
2025-06-11,Sebrae Nacional - DEBRITO,1,facebook,sbrae_2025_psmn,psmn,"2025_6_BR_TRAF_CPC_MULHERES DE 25 A 45 ANOS; INTERESSES EM EMPREENDEDORISMO, PEQUENOS NEGÓCIOS E MEI; COMPORTAMENTO VOLTADO A ENGAJAMENTO COM PERFIS DE NEGÓCIOS E INFLUENCIADORES DE GESTÃO",2025_6_BR_CARD_KV_ACAO_SBRAE_2025_PSMN0293,Tráfego,Homem,1884,"5,41",25,,"2025-06-11-PSMN-1884-5,41-25",50440,2.5,20176
2025-06-11,Sebrae Nacional - DEBRITO,1,facebook,sbrae_2025_psmn,psmn,"2025_6_BR_TRAF_CPC_MULHERES DE 25 A 45 ANOS; INTERESSES EM EMPREENDEDORISMO, PEQUENOS NEGÓCIOS E MEI; COMPORTAMENTO VOLTADO A ENGAJAMENTO COM PERFIS DE NEGÓCIOS E INFLUENCIADORES DE GESTÃO",2025_6_BR_REELS_GABRIELA BAILAS REELS_ACAO_SBRAE_2025_PSMN0289,Tráfego,Homem,106,"0,74",1,,"2025-06-11-PSMN-106-0,74-1",50440,2.5,20176
2025-06-11,Sebrae Nacional - DEBRITO,1,facebook,sbrae_2025_psmn,psmn,"2025_6_BR_TRAF_CPC_MULHERES DE 25 A 45 ANOS; INTERESSES EM EMPREENDEDORISMO, PEQUENOS NEGÓCIOS E MEI; COMPORTAMENTO VOLTADO A ENGAJAMENTO COM PERFIS DE NEGÓCIOS E INFLUENCIADORES DE GESTÃO",2025_6_BR_REELS_VIC CERIDONO REELS_ACAO_SBRAE_2025_PSMN0290,Tráfego,Homem,9740,"50,29",173,23,"2025-06-11-PSMN-9740-50,29-173",50440,2.5,20176
2025-06-11,Sebrae Nacional - DEBRITO,1,facebook,sbrae_2025_psmn,psmn,"2025_6_BR_TRAF_CPC_MULHERES DE 25 A 45 ANOS; INTERESSES EM EMPREENDEDORISMO, PEQUENOS NEGÓCIOS E MEI; COMPORTAMENTO VOLTADO A ENGAJAMENTO COM PERFIS DE NEGÓCIOS E INFLUENCIADORES DE GESTÃO",2025_6_BR_STORIES_GABRIELA BAILAS STORIES_ACAO_SBRAE_2025_PSMN0292,Tráfego,Homem,72110,"713,31",4121,811,"2025-06-11-PSMN-72110-713,31-4121",50440,2.5,20176
2025-06-11,Sebrae Nacional - DEBRITO,1,facebook,sbrae_2025_psmn,psmn,"2025_6_BR_TRAF_CPC_MULHERES DE 25 A 45 ANOS; INTERESSES EM EMPREENDEDORISMO, PEQUENOS NEGÓCIOS E MEI; COMPORTAMENTO VOLTADO A ENGAJAMENTO COM PERFIS DE NEGÓCIOS E INFLUENCIADORES DE GESTÃO",2025_6_BR_STORIES_VIC CERIDONO STORIES_ACAO_SBRAE_2025_PSMN0291,Tráfego,Homem,94932,"660,04",3194,1789,"2025-06-11-PSMN-94932-660,04-3194",50440,2.5,20176
2025-06-11,Sebrae Nacional - DEBRITO,1,facebook,sbrae_2025_psmn,psmn,"2025_6_BR_TRAF_CPC_MULHERES DE 25 A 45 ANOS; INTERESSES EM EMPREENDEDORISMO, PEQUENOS NEGÓCIOS E MEI; COMPORTAMENTO VOLTADO A ENGAJAMENTO COM PERFIS DE NEGÓCIOS E INFLUENCIADORES DE GESTÃO",2025_6_BR_CARD_KV_ACAO_SBRAE_2025_PSMN0293,Tráfego,Não classificado,33,"0,13",,,"2025-06-11-PSMN-33-0,13-",50440,2.5,20176
2025-06-11,Sebrae Nacional - DEBRITO,1,facebook,sbrae_2025_psmn,psmn,"2025_6_BR_TRAF_CPC_MULHERES DE 25 A 45 ANOS; INTERESSES EM EMPREENDEDORISMO, PEQUENOS NEGÓCIOS E MEI; COMPORTAMENTO VOLTADO A ENGAJAMENTO COM PERFIS DE NEGÓCIOS E INFLUENCIADORES DE GESTÃO",2025_6_BR_REELS_GABRIELA BAILAS REELS_ACAO_SBRAE_2025_PSMN0289,Tráfego,Não classificado,2,"0,02",,,"2025-06-11-PSMN-2-0,02-",50440,2.5,20176
2025-06-11,Sebrae Nacional - DEBRITO,1,facebook,sbrae_2025_psmn,psmn,"2025_6_BR_TRAF_CPC_MULHERES DE 25 A 45 ANOS; INTERESSES EM EMPREENDEDORISMO, PEQUENOS NEGÓCIOS E MEI; COMPORTAMENTO VOLTADO A ENGAJAMENTO COM PERFIS DE NEGÓCIOS E INFLUENCIADORES DE GESTÃO",2025_6_BR_REELS_VIC CERIDONO REELS_ACAO_SBRAE_2025_PSMN0290,Tráfego,Não classificado,55,"0,19",,,"2025-06-11-PSMN-55-0,19-",50440,2.5,20176
2025-06-11,Sebrae Nacional - DEBRITO,1,facebook,sbrae_2025_psmn,psmn,"2025_6_BR_TRAF_CPC_MULHERES DE 25 A 45 ANOS; INTERESSES EM EMPREENDEDORISMO, PEQUENOS NEGÓCIOS E MEI; COMPORTAMENTO VOLTADO A ENGAJAMENTO COM PERFIS DE NEGÓCIOS E INFLUENCIADORES DE GESTÃO",2025_6_BR_STORIES_GABRIELA BAILAS STORIES_ACAO_SBRAE_2025_PSMN0292,Tráfego,Não classificado,266,"2,36",12,3,"2025-06-11-PSMN-266-2,36-12",50440,2.5,20176
2025-06-11,Sebrae Nacional - DEBRITO,1,facebook,sbrae_2025_psmn,psmn,"2025_6_BR_TRAF_CPC_MULHERES DE 25 A 45 ANOS; INTERESSES EM EMPREENDEDORISMO, PEQUENOS NEGÓCIOS E MEI; COMPORTAMENTO VOLTADO A ENGAJAMENTO COM PERFIS DE NEGÓCIOS E INFLUENCIADORES DE GESTÃO",2025_6_BR_STORIES_VIC CERIDONO STORIES_ACAO_SBRAE_2025_PSMN0291,Tráfego,Não classificado,575,"3,53",20,14,"2025-06-11-PSMN-575-3,53-20",50440,2.5,20176
2025-06-12,Sebrae Nacional - DEBRITO,1,facebook,sbrae_2025_psmn,psmn,"2025_6_BR_TRAF_CPC_MULHERES DE 25 A 45 ANOS; INTERESSES EM EMPREENDEDORISMO, PEQUENOS NEGÓCIOS E MEI; COMPORTAMENTO VOLTADO A ENGAJAMENTO COM PERFIS DE NEGÓCIOS E INFLUENCIADORES DE GESTÃO",2025_6_BR_CARD_KV_ACAO_SBRAE_2025_PSMN0293,Tráfego,Mulher,17551,"59,34",198,,"2025-06-12-PSMN-17551-59,34-198",50440,2.5,20176
2025-06-12,Sebrae Nacional - DEBRITO,1,facebook,sbrae_2025_psmn,psmn,"2025_6_BR_TRAF_CPC_MULHERES DE 25 A 45 ANOS; INTERESSES EM EMPREENDEDORISMO, PEQUENOS NEGÓCIOS E MEI; COMPORTAMENTO VOLTADO A ENGAJAMENTO COM PERFIS DE NEGÓCIOS E INFLUENCIADORES DE GESTÃO",2025_6_BR_REELS_GABRIELA BAILAS REELS_ACAO_SBRAE_2025_PSMN0289,Tráfego,Mulher,682,"6,64",24,6,"2025-06-12-PSMN-682-6,64-24",50440,2.5,20176
2025-06-12,Sebrae Nacional - DEBRITO,1,facebook,sbrae_2025_psmn,psmn,"2025_6_BR_TRAF_CPC_MULHERES DE 25 A 45 ANOS; INTERESSES EM EMPREENDEDORISMO, PEQUENOS NEGÓCIOS E MEI; COMPORTAMENTO VOLTADO A ENGAJAMENTO COM PERFIS DE NEGÓCIOS E INFLUENCIADORES DE GESTÃO",2025_6_BR_REELS_VIC CERIDONO REELS_ACAO_SBRAE_2025_PSMN0290,Tráfego,Mulher,46472,"306,45",1138,170,"2025-06-12-PSMN-46472-306,45-1138",50440,2.5,20176
2025-06-12,Sebrae Nacional - DEBRITO,1,facebook,sbrae_2025_psmn,psmn,"2025_6_BR_TRAF_CPC_MULHERES DE 25 A 45 ANOS; INTERESSES EM EMPREENDEDORISMO, PEQUENOS NEGÓCIOS E MEI; COMPORTAMENTO VOLTADO A ENGAJAMENTO COM PERFIS DE NEGÓCIOS E INFLUENCIADORES DE GESTÃO",2025_6_BR_STORIES_GABRIELA BAILAS STORIES_ACAO_SBRAE_2025_PSMN0292,Tráfego,Mulher,129942,"1425,94",6718,2047,"2025-06-12-PSMN-129942-1425,94-6718",50440,2.5,20176
2025-06-12,Sebrae Nacional - DEBRITO,1,facebook,sbrae_2025_psmn,psmn,"2025_6_BR_TRAF_CPC_MULHERES DE 25 A 45 ANOS; INTERESSES EM EMPREENDEDORISMO, PEQUENOS NEGÓCIOS E MEI; COMPORTAMENTO VOLTADO A ENGAJAMENTO COM PERFIS DE NEGÓCIOS E INFLUENCIADORES DE GESTÃO",2025_6_BR_STORIES_VIC CERIDONO STORIES_ACAO_SBRAE_2025_PSMN0291,Tráfego,Mulher,286056,"2045,67",8747,9389,"2025-06-12-PSMN-286056-2045,67-8747",50440,2.5,20176
2025-06-12,Sebrae Nacional - DEBRITO,1,facebook,sbrae_2025_psmn,psmn,"2025_6_BR_TRAF_CPC_MULHERES DE 25 A 45 ANOS; INTERESSES EM EMPREENDEDORISMO, PEQUENOS NEGÓCIOS E MEI; COMPORTAMENTO VOLTADO A ENGAJAMENTO COM PERFIS DE NEGÓCIOS E INFLUENCIADORES DE GESTÃO",2025_6_BR_CARD_KV_ACAO_SBRAE_2025_PSMN0293,Tráfego,Homem,3774,"10,68",42,,"2025-06-12-PSMN-3774-10,68-42",50440,2.5,20176
2025-06-12,Sebrae Nacional - DEBRITO,1,facebook,sbrae_2025_psmn,psmn,"2025_6_BR_TRAF_CPC_MULHERES DE 25 A 45 ANOS; INTERESSES EM EMPREENDEDORISMO, PEQUENOS NEGÓCIOS E MEI; COMPORTAMENTO VOLTADO A ENGAJAMENTO COM PERFIS DE NEGÓCIOS E INFLUENCIADORES DE GESTÃO",2025_6_BR_REELS_GABRIELA BAILAS REELS_ACAO_SBRAE_2025_PSMN0289,Tráfego,Homem,346,"2,45",7,4,"2025-06-12-PSMN-346-2,45-7",50440,2.5,20176
2025-06-12,Sebrae Nacional - DEBRITO,1,facebook,sbrae_2025_psmn,psmn,"2025_6_BR_TRAF_CPC_MULHERES DE 25 A 45 ANOS; INTERESSES EM EMPREENDEDORISMO, PEQUENOS NEGÓCIOS E MEI; COMPORTAMENTO VOLTADO A ENGAJAMENTO COM PERFIS DE NEGÓCIOS E INFLUENCIADORES DE GESTÃO",2025_6_BR_REELS_VIC CERIDONO REELS_ACAO_SBRAE_2025_PSMN0290,Tráfego,Homem,15720,"94,79",348,35,"2025-06-12-PSMN-15720-94,79-348",50440,2.5,20176
2025-06-12,Sebrae Nacional - DEBRITO,1,facebook,sbrae_2025_psmn,psmn,"2025_6_BR_TRAF_CPC_MULHERES DE 25 A 45 ANOS; INTERESSES EM EMPREENDEDORISMO, PEQUENOS NEGÓCIOS E MEI; COMPORTAMENTO VOLTADO A ENGAJAMENTO COM PERFIS DE NEGÓCIOS E INFLUENCIADORES DE GESTÃO",2025_6_BR_STORIES_GABRIELA BAILAS STORIES_ACAO_SBRAE_2025_PSMN0292,Tráfego,Homem,65500,"592,84",3192,777,"2025-06-12-PSMN-65500-592,84-3192",50440,2.5,20176
2025-06-12,Sebrae Nacional - DEBRITO,1,facebook,sbrae_2025_psmn,psmn,"2025_6_BR_TRAF_CPC_MULHERES DE 25 A 45 ANOS; INTERESSES EM EMPREENDEDORISMO, PEQUENOS NEGÓCIOS E MEI; COMPORTAMENTO VOLTADO A ENGAJAMENTO COM PERFIS DE NEGÓCIOS E INFLUENCIADORES DE GESTÃO",2025_6_BR_STORIES_VIC CERIDONO STORIES_ACAO_SBRAE_2025_PSMN0291,Tráfego,Homem,91199,"654,2",3026,1600,"2025-06-12-PSMN-91199-654,2-3026",50440,2.5,20176
2025-06-12,Sebrae Nacional - DEBRITO,1,facebook,sbrae_2025_psmn,psmn,"2025_6_BR_TRAF_CPC_MULHERES DE 25 A 45 ANOS; INTERESSES EM EMPREENDEDORISMO, PEQUENOS NEGÓCIOS E MEI; COMPORTAMENTO VOLTADO A ENGAJAMENTO COM PERFIS DE NEGÓCIOS E INFLUENCIADORES DE GESTÃO",2025_6_BR_CARD_KV_ACAO_SBRAE_2025_PSMN0293,Tráfego,Não classificado,44,"0,11",,,"2025-06-12-PSMN-44-0,11-",50440,2.5,20176
2025-06-12,Sebrae Nacional - DEBRITO,1,facebook,sbrae_2025_psmn,psmn,"2025_6_BR_TRAF_CPC_MULHERES DE 25 A 45 ANOS; INTERESSES EM EMPREENDEDORISMO, PEQUENOS NEGÓCIOS E MEI; COMPORTAMENTO VOLTADO A ENGAJAMENTO COM PERFIS DE NEGÓCIOS E INFLUENCIADORES DE GESTÃO",2025_6_BR_REELS_GABRIELA BAILAS REELS_ACAO_SBRAE_2025_PSMN0289,Tráfego,Não classificado,5,"0,07",,,"2025-06-12-PSMN-5-0,07-",50440,2.5,20176
2025-06-12,Sebrae Nacional - DEBRITO,1,facebook,sbrae_2025_psmn,psmn,"2025_6_BR_TRAF_CPC_MULHERES DE 25 A 45 ANOS; INTERESSES EM EMPREENDEDORISMO, PEQUENOS NEGÓCIOS E MEI; COMPORTAMENTO VOLTADO A ENGAJAMENTO COM PERFIS DE NEGÓCIOS E INFLUENCIADORES DE GESTÃO",2025_6_BR_REELS_VIC CERIDONO REELS_ACAO_SBRAE_2025_PSMN0290,Tráfego,Não classificado,85,"0,38",1,,"2025-06-12-PSMN-85-0,38-1",50440,2.5,20176
2025-06-12,Sebrae Nacional - DEBRITO,1,facebook,sbrae_2025_psmn,psmn,"2025_6_BR_TRAF_CPC_MULHERES DE 25 A 45 ANOS; INTERESSES EM EMPREENDEDORISMO, PEQUENOS NEGÓCIOS E MEI; COMPORTAMENTO VOLTADO A ENGAJAMENTO COM PERFIS DE NEGÓCIOS E INFLUENCIADORES DE GESTÃO",2025_6_BR_STORIES_GABRIELA BAILAS STORIES_ACAO_SBRAE_2025_PSMN0292,Tráfego,Não classificado,247,"2,11",15,5,"2025-06-12-PSMN-247-2,11-15",50440,2.5,20176
2025-06-12,Sebrae Nacional - DEBRITO,1,facebook,sbrae_2025_psmn,psmn,"2025_6_BR_TRAF_CPC_MULHERES DE 25 A 45 ANOS; INTERESSES EM EMPREENDEDORISMO, PEQUENOS NEGÓCIOS E MEI; COMPORTAMENTO VOLTADO A ENGAJAMENTO COM PERFIS DE NEGÓCIOS E INFLUENCIADORES DE GESTÃO",2025_6_BR_STORIES_VIC CERIDONO STORIES_ACAO_SBRAE_2025_PSMN0291,Tráfego,Não classificado,636,"4,12",30,21,"2025-06-12-PSMN-636-4,12-30",50440,2.5,20176
2025-06-13,Sebrae Nacional - DEBRITO,1,facebook,sbrae_2025_psmn,psmn,"2025_6_BR_TRAF_CPC_MULHERES DE 25 A 45 ANOS; INTERESSES EM EMPREENDEDORISMO, PEQUENOS NEGÓCIOS E MEI; COMPORTAMENTO VOLTADO A ENGAJAMENTO COM PERFIS DE NEGÓCIOS E INFLUENCIADORES DE GESTÃO",2025_6_BR_CARD_KV_ACAO_SBRAE_2025_PSMN0293,Tráfego,Mulher,96581,"301,68",1053,,"2025-06-13-PSMN-96581-301,68-1053",50440,2.5,20176
2025-06-13,Sebrae Nacional - DEBRITO,1,facebook,sbrae_2025_psmn,psmn,"2025_6_BR_TRAF_CPC_MULHERES DE 25 A 45 ANOS; INTERESSES EM EMPREENDEDORISMO, PEQUENOS NEGÓCIOS E MEI; COMPORTAMENTO VOLTADO A ENGAJAMENTO COM PERFIS DE NEGÓCIOS E INFLUENCIADORES DE GESTÃO",2025_6_BR_REELS_GABRIELA BAILAS REELS_ACAO_SBRAE_2025_PSMN0289,Tráfego,Mulher,5378,"46,86",184,40,"2025-06-13-PSMN-5378-46,86-184",50440,2.5,20176
2025-06-13,Sebrae Nacional - DEBRITO,1,facebook,sbrae_2025_psmn,psmn,"2025_6_BR_TRAF_CPC_MULHERES DE 25 A 45 ANOS; INTERESSES EM EMPREENDEDORISMO, PEQUENOS NEGÓCIOS E MEI; COMPORTAMENTO VOLTADO A ENGAJAMENTO COM PERFIS DE NEGÓCIOS E INFLUENCIADORES DE GESTÃO",2025_6_BR_REELS_VIC CERIDONO REELS_ACAO_SBRAE_2025_PSMN0290,Tráfego,Mulher,67793,"373,81",1351,217,"2025-06-13-PSMN-67793-373,81-1351",50440,2.5,20176
2025-06-13,Sebrae Nacional - DEBRITO,1,facebook,sbrae_2025_psmn,psmn,"2025_6_BR_TRAF_CPC_MULHERES DE 25 A 45 ANOS; INTERESSES EM EMPREENDEDORISMO, PEQUENOS NEGÓCIOS E MEI; COMPORTAMENTO VOLTADO A ENGAJAMENTO COM PERFIS DE NEGÓCIOS E INFLUENCIADORES DE GESTÃO",2025_6_BR_STORIES_GABRIELA BAILAS STORIES_ACAO_SBRAE_2025_PSMN0292,Tráfego,Mulher,113992,"1272,31",5552,1760,"2025-06-13-PSMN-113992-1272,31-5552",50440,2.5,20176
2025-06-13,Sebrae Nacional - DEBRITO,1,facebook,sbrae_2025_psmn,psmn,"2025_6_BR_TRAF_CPC_MULHERES DE 25 A 45 ANOS; INTERESSES EM EMPREENDEDORISMO, PEQUENOS NEGÓCIOS E MEI; COMPORTAMENTO VOLTADO A ENGAJAMENTO COM PERFIS DE NEGÓCIOS E INFLUENCIADORES DE GESTÃO",2025_6_BR_STORIES_VIC CERIDONO STORIES_ACAO_SBRAE_2025_PSMN0291,Tráfego,Mulher,268317,"1984,81",8215,8638,"2025-06-13-PSMN-268317-1984,81-8215",50440,2.5,20176
2025-06-13,Sebrae Nacional - DEBRITO,1,facebook,sbrae_2025_psmn,psmn,"2025_6_BR_TRAF_CPC_MULHERES DE 25 A 45 ANOS; INTERESSES EM EMPREENDEDORISMO, PEQUENOS NEGÓCIOS E MEI; COMPORTAMENTO VOLTADO A ENGAJAMENTO COM PERFIS DE NEGÓCIOS E INFLUENCIADORES DE GESTÃO",2025_6_BR_CARD_KV_ACAO_SBRAE_2025_PSMN0293,Tráfego,Homem,18924,"55,89",204,,"2025-06-13-PSMN-18924-55,89-204",50440,2.5,20176
2025-06-13,Sebrae Nacional - DEBRITO,1,facebook,sbrae_2025_psmn,psmn,"2025_6_BR_TRAF_CPC_MULHERES DE 25 A 45 ANOS; INTERESSES EM EMPREENDEDORISMO, PEQUENOS NEGÓCIOS E MEI; COMPORTAMENTO VOLTADO A ENGAJAMENTO COM PERFIS DE NEGÓCIOS E INFLUENCIADORES DE GESTÃO",2025_6_BR_REELS_GABRIELA BAILAS REELS_ACAO_SBRAE_2025_PSMN0289,Tráfego,Homem,2590,"19,87",81,18,"2025-06-13-PSMN-2590-19,87-81",50440,2.5,20176
2025-06-13,Sebrae Nacional - DEBRITO,1,facebook,sbrae_2025_psmn,psmn,"2025_6_BR_TRAF_CPC_MULHERES DE 25 A 45 ANOS; INTERESSES EM EMPREENDEDORISMO, PEQUENOS NEGÓCIOS E MEI; COMPORTAMENTO VOLTADO A ENGAJAMENTO COM PERFIS DE NEGÓCIOS E INFLUENCIADORES DE GESTÃO",2025_6_BR_REELS_VIC CERIDONO REELS_ACAO_SBRAE_2025_PSMN0290,Tráfego,Homem,21988,"116,78",435,43,"2025-06-13-PSMN-21988-116,78-435",50440,2.5,20176
2025-06-13,Sebrae Nacional - DEBRITO,1,facebook,sbrae_2025_psmn,psmn,"2025_6_BR_TRAF_CPC_MULHERES DE 25 A 45 ANOS; INTERESSES EM EMPREENDEDORISMO, PEQUENOS NEGÓCIOS E MEI; COMPORTAMENTO VOLTADO A ENGAJAMENTO COM PERFIS DE NEGÓCIOS E INFLUENCIADORES DE GESTÃO",2025_6_BR_STORIES_GABRIELA BAILAS STORIES_ACAO_SBRAE_2025_PSMN0292,Tráfego,Homem,71848,"637,81",3207,1010,"2025-06-13-PSMN-71848-637,81-3207",50440,2.5,20176
2025-06-13,Sebrae Nacional - DEBRITO,1,facebook,sbrae_2025_psmn,psmn,"2025_6_BR_TRAF_CPC_MULHERES DE 25 A 45 ANOS; INTERESSES EM EMPREENDEDORISMO, PEQUENOS NEGÓCIOS E MEI; COMPORTAMENTO VOLTADO A ENGAJAMENTO COM PERFIS DE NEGÓCIOS E INFLUENCIADORES DE GESTÃO",2025_6_BR_STORIES_VIC CERIDONO STORIES_ACAO_SBRAE_2025_PSMN0291,Tráfego,Homem,88330,"602,28",2685,1524,"2025-06-13-PSMN-88330-602,28-2685",50440,2.5,20176
2025-06-13,Sebrae Nacional - DEBRITO,1,facebook,sbrae_2025_psmn,psmn,"2025_6_BR_TRAF_CPC_MULHERES DE 25 A 45 ANOS; INTERESSES EM EMPREENDEDORISMO, PEQUENOS NEGÓCIOS E MEI; COMPORTAMENTO VOLTADO A ENGAJAMENTO COM PERFIS DE NEGÓCIOS E INFLUENCIADORES DE GESTÃO",2025_6_BR_CARD_KV_ACAO_SBRAE_2025_PSMN0293,Tráfego,Não classificado,153,"0,61",1,,"2025-06-13-PSMN-153-0,61-1",50440,2.5,20176
2025-06-13,Sebrae Nacional - DEBRITO,1,facebook,sbrae_2025_psmn,psmn,"2025_6_BR_TRAF_CPC_MULHERES DE 25 A 45 ANOS; INTERESSES EM EMPREENDEDORISMO, PEQUENOS NEGÓCIOS E MEI; COMPORTAMENTO VOLTADO A ENGAJAMENTO COM PERFIS DE NEGÓCIOS E INFLUENCIADORES DE GESTÃO",2025_6_BR_REELS_GABRIELA BAILAS REELS_ACAO_SBRAE_2025_PSMN0289,Tráfego,Não classificado,26,"0,29",2,,"2025-06-13-PSMN-26-0,29-2",50440,2.5,20176
2025-06-13,Sebrae Nacional - DEBRITO,1,facebook,sbrae_2025_psmn,psmn,"2025_6_BR_TRAF_CPC_MULHERES DE 25 A 45 ANOS; INTERESSES EM EMPREENDEDORISMO, PEQUENOS NEGÓCIOS E MEI; COMPORTAMENTO VOLTADO A ENGAJAMENTO COM PERFIS DE NEGÓCIOS E INFLUENCIADORES DE GESTÃO",2025_6_BR_REELS_VIC CERIDONO REELS_ACAO_SBRAE_2025_PSMN0290,Tráfego,Não classificado,137,"0,58",2,,"2025-06-13-PSMN-137-0,58-2",50440,2.5,20176
2025-06-13,Sebrae Nacional - DEBRITO,1,facebook,sbrae_2025_psmn,psmn,"2025_6_BR_TRAF_CPC_MULHERES DE 25 A 45 ANOS; INTERESSES EM EMPREENDEDORISMO, PEQUENOS NEGÓCIOS E MEI; COMPORTAMENTO VOLTADO A ENGAJAMENTO COM PERFIS DE NEGÓCIOS E INFLUENCIADORES DE GESTÃO",2025_6_BR_STORIES_GABRIELA BAILAS STORIES_ACAO_SBRAE_2025_PSMN0292,Tráfego,Não classificado,244,"1,89",10,3,"2025-06-13-PSMN-244-1,89-10",50440,2.5,20176
2025-06-13,Sebrae Nacional - DEBRITO,1,facebook,sbrae_2025_psmn,psmn,"2025_6_BR_TRAF_CPC_MULHERES DE 25 A 45 ANOS; INTERESSES EM EMPREENDEDORISMO, PEQUENOS NEGÓCIOS E MEI; COMPORTAMENTO VOLTADO A ENGAJAMENTO COM PERFIS DE NEGÓCIOS E INFLUENCIADORES DE GESTÃO",2025_6_BR_STORIES_VIC CERIDONO STORIES_ACAO_SBRAE_2025_PSMN0291,Tráfego,Não classificado,522,"3,1",8,6,"2025-06-13-PSMN-522-3,1-8",50440,2.5,20176
2025-06-14,Sebrae Nacional - DEBRITO,1,facebook,sbrae_2025_psmn,psmn,"2025_6_BR_TRAF_CPC_MULHERES DE 25 A 45 ANOS; INTERESSES EM EMPREENDEDORISMO, PEQUENOS NEGÓCIOS E MEI; COMPORTAMENTO VOLTADO A ENGAJAMENTO COM PERFIS DE NEGÓCIOS E INFLUENCIADORES DE GESTÃO",2025_6_BR_CARD_KV_ACAO_SBRAE_2025_PSMN0293,Tráfego,Mulher,131720,"487,09",1792,,"2025-06-14-PSMN-131720-487,09-1792",50440,2.5,20176
2025-06-14,Sebrae Nacional - DEBRITO,1,facebook,sbrae_2025_psmn,psmn,"2025_6_BR_TRAF_CPC_MULHERES DE 25 A 45 ANOS; INTERESSES EM EMPREENDEDORISMO, PEQUENOS NEGÓCIOS E MEI; COMPORTAMENTO VOLTADO A ENGAJAMENTO COM PERFIS DE NEGÓCIOS E INFLUENCIADORES DE GESTÃO",2025_6_BR_REELS_GABRIELA BAILAS REELS_ACAO_SBRAE_2025_PSMN0289,Tráfego,Mulher,11129,"99,33",347,85,"2025-06-14-PSMN-11129-99,33-347",50440,2.5,20176
2025-06-14,Sebrae Nacional - DEBRITO,1,facebook,sbrae_2025_psmn,psmn,"2025_6_BR_TRAF_CPC_MULHERES DE 25 A 45 ANOS; INTERESSES EM EMPREENDEDORISMO, PEQUENOS NEGÓCIOS E MEI; COMPORTAMENTO VOLTADO A ENGAJAMENTO COM PERFIS DE NEGÓCIOS E INFLUENCIADORES DE GESTÃO",2025_6_BR_REELS_VIC CERIDONO REELS_ACAO_SBRAE_2025_PSMN0290,Tráfego,Mulher,76506,"512,02",1915,357,"2025-06-14-PSMN-76506-512,02-1915",50440,2.5,20176
2025-06-14,Sebrae Nacional - DEBRITO,1,facebook,sbrae_2025_psmn,psmn,"2025_6_BR_TRAF_CPC_MULHERES DE 25 A 45 ANOS; INTERESSES EM EMPREENDEDORISMO, PEQUENOS NEGÓCIOS E MEI; COMPORTAMENTO VOLTADO A ENGAJAMENTO COM PERFIS DE NEGÓCIOS E INFLUENCIADORES DE GESTÃO",2025_6_BR_STORIES_GABRIELA BAILAS STORIES_ACAO_SBRAE_2025_PSMN0292,Tráfego,Mulher,119882,"1382,97",6444,1865,"2025-06-14-PSMN-119882-1382,97-6444",50440,2.5,20176
2025-06-14,Sebrae Nacional - DEBRITO,1,facebook,sbrae_2025_psmn,psmn,"2025_6_BR_TRAF_CPC_MULHERES DE 25 A 45 ANOS; INTERESSES EM EMPREENDEDORISMO, PEQUENOS NEGÓCIOS E MEI; COMPORTAMENTO VOLTADO A ENGAJAMENTO COM PERFIS DE NEGÓCIOS E INFLUENCIADORES DE GESTÃO",2025_6_BR_STORIES_VIC CERIDONO STORIES_ACAO_SBRAE_2025_PSMN0291,Tráfego,Mulher,227322,"1682,39",7447,7569,"2025-06-14-PSMN-227322-1682,39-7447",50440,2.5,20176
2025-06-14,Sebrae Nacional - DEBRITO,1,facebook,sbrae_2025_psmn,psmn,"2025_6_BR_TRAF_CPC_MULHERES DE 25 A 45 ANOS; INTERESSES EM EMPREENDEDORISMO, PEQUENOS NEGÓCIOS E MEI; COMPORTAMENTO VOLTADO A ENGAJAMENTO COM PERFIS DE NEGÓCIOS E INFLUENCIADORES DE GESTÃO",2025_6_BR_CARD_KV_ACAO_SBRAE_2025_PSMN0293,Tráfego,Homem,27826,"94,47",320,,"2025-06-14-PSMN-27826-94,47-320",50440,2.5,20176
2025-06-14,Sebrae Nacional - DEBRITO,1,facebook,sbrae_2025_psmn,psmn,"2025_6_BR_TRAF_CPC_MULHERES DE 25 A 45 ANOS; INTERESSES EM EMPREENDEDORISMO, PEQUENOS NEGÓCIOS E MEI; COMPORTAMENTO VOLTADO A ENGAJAMENTO COM PERFIS DE NEGÓCIOS E INFLUENCIADORES DE GESTÃO",2025_6_BR_REELS_GABRIELA BAILAS REELS_ACAO_SBRAE_2025_PSMN0289,Tráfego,Homem,6281,"49,86",185,37,"2025-06-14-PSMN-6281-49,86-185",50440,2.5,20176
2025-06-14,Sebrae Nacional - DEBRITO,1,facebook,sbrae_2025_psmn,psmn,"2025_6_BR_TRAF_CPC_MULHERES DE 25 A 45 ANOS; INTERESSES EM EMPREENDEDORISMO, PEQUENOS NEGÓCIOS E MEI; COMPORTAMENTO VOLTADO A ENGAJAMENTO COM PERFIS DE NEGÓCIOS E INFLUENCIADORES DE GESTÃO",2025_6_BR_REELS_VIC CERIDONO REELS_ACAO_SBRAE_2025_PSMN0290,Tráfego,Homem,27105,"170,27",604,91,"2025-06-14-PSMN-27105-170,27-604",50440,2.5,20176
2025-06-14,Sebrae Nacional - DEBRITO,1,facebook,sbrae_2025_psmn,psmn,"2025_6_BR_TRAF_CPC_MULHERES DE 25 A 45 ANOS; INTERESSES EM EMPREENDEDORISMO, PEQUENOS NEGÓCIOS E MEI; COMPORTAMENTO VOLTADO A ENGAJAMENTO COM PERFIS DE NEGÓCIOS E INFLUENCIADORES DE GESTÃO",2025_6_BR_STORIES_GABRIELA BAILAS STORIES_ACAO_SBRAE_2025_PSMN0292,Tráfego,Homem,65511,"635,6",3188,812,"2025-06-14-PSMN-65511-635,6-3188",50440,2.5,20176
2025-06-14,Sebrae Nacional - DEBRITO,1,facebook,sbrae_2025_psmn,psmn,"2025_6_BR_TRAF_CPC_MULHERES DE 25 A 45 ANOS; INTERESSES EM EMPREENDEDORISMO, PEQUENOS NEGÓCIOS E MEI; COMPORTAMENTO VOLTADO A ENGAJAMENTO COM PERFIS DE NEGÓCIOS E INFLUENCIADORES DE GESTÃO",2025_6_BR_STORIES_VIC CERIDONO STORIES_ACAO_SBRAE_2025_PSMN0291,Tráfego,Homem,97934,"650,99",3087,1683,"2025-06-14-PSMN-97934-650,99-3087",50440,2.5,20176
2025-06-14,Sebrae Nacional - DEBRITO,1,facebook,sbrae_2025_psmn,psmn,"2025_6_BR_TRAF_CPC_MULHERES DE 25 A 45 ANOS; INTERESSES EM EMPREENDEDORISMO, PEQUENOS NEGÓCIOS E MEI; COMPORTAMENTO VOLTADO A ENGAJAMENTO COM PERFIS DE NEGÓCIOS E INFLUENCIADORES DE GESTÃO",2025_6_BR_CARD_KV_ACAO_SBRAE_2025_PSMN0293,Tráfego,Não classificado,189,"0,72",1,,"2025-06-14-PSMN-189-0,72-1",50440,2.5,20176
2025-06-14,Sebrae Nacional - DEBRITO,1,facebook,sbrae_2025_psmn,psmn,"2025_6_BR_TRAF_CPC_MULHERES DE 25 A 45 ANOS; INTERESSES EM EMPREENDEDORISMO, PEQUENOS NEGÓCIOS E MEI; COMPORTAMENTO VOLTADO A ENGAJAMENTO COM PERFIS DE NEGÓCIOS E INFLUENCIADORES DE GESTÃO",2025_6_BR_REELS_GABRIELA BAILAS REELS_ACAO_SBRAE_2025_PSMN0289,Tráfego,Não classificado,54,"0,6",2,2,"2025-06-14-PSMN-54-0,6-2",50440,2.5,20176
2025-06-14,Sebrae Nacional - DEBRITO,1,facebook,sbrae_2025_psmn,psmn,"2025_6_BR_TRAF_CPC_MULHERES DE 25 A 45 ANOS; INTERESSES EM EMPREENDEDORISMO, PEQUENOS NEGÓCIOS E MEI; COMPORTAMENTO VOLTADO A ENGAJAMENTO COM PERFIS DE NEGÓCIOS E INFLUENCIADORES DE GESTÃO",2025_6_BR_REELS_VIC CERIDONO REELS_ACAO_SBRAE_2025_PSMN0290,Tráfego,Não classificado,136,"0,52",1,,"2025-06-14-PSMN-136-0,52-1",50440,2.5,20176
2025-06-14,Sebrae Nacional - DEBRITO,1,facebook,sbrae_2025_psmn,psmn,"2025_6_BR_TRAF_CPC_MULHERES DE 25 A 45 ANOS; INTERESSES EM EMPREENDEDORISMO, PEQUENOS NEGÓCIOS E MEI; COMPORTAMENTO VOLTADO A ENGAJAMENTO COM PERFIS DE NEGÓCIOS E INFLUENCIADORES DE GESTÃO",2025_6_BR_STORIES_GABRIELA BAILAS STORIES_ACAO_SBRAE_2025_PSMN0292,Tráfego,Não classificado,204,"1,94",7,,"2025-06-14-PSMN-204-1,94-7",50440,2.5,20176
2025-06-14,Sebrae Nacional - DEBRITO,1,facebook,sbrae_2025_psmn,psmn,"2025_6_BR_TRAF_CPC_MULHERES DE 25 A 45 ANOS; INTERESSES EM EMPREENDEDORISMO, PEQUENOS NEGÓCIOS E MEI; COMPORTAMENTO VOLTADO A ENGAJAMENTO COM PERFIS DE NEGÓCIOS E INFLUENCIADORES DE GESTÃO",2025_6_BR_STORIES_VIC CERIDONO STORIES_ACAO_SBRAE_2025_PSMN0291,Tráfego,Não classificado,523,"3,07",10,10,"2025-06-14-PSMN-523-3,07-10",50440,2.5,20176
2025-06-15,Sebrae Nacional - DEBRITO,1,facebook,sbrae_2025_psmn,psmn,"2025_6_BR_TRAF_CPC_MULHERES DE 25 A 45 ANOS; INTERESSES EM EMPREENDEDORISMO, PEQUENOS NEGÓCIOS E MEI; COMPORTAMENTO VOLTADO A ENGAJAMENTO COM PERFIS DE NEGÓCIOS E INFLUENCIADORES DE GESTÃO",2025_6_BR_CARD_KV_ACAO_SBRAE_2025_PSMN0293,Tráfego,Mulher,88513,"361,9",1341,,"2025-06-15-PSMN-88513-361,9-1341",50440,2.5,20176
2025-06-15,Sebrae Nacional - DEBRITO,1,facebook,sbrae_2025_psmn,psmn,"2025_6_BR_TRAF_CPC_MULHERES DE 25 A 45 ANOS; INTERESSES EM EMPREENDEDORISMO, PEQUENOS NEGÓCIOS E MEI; COMPORTAMENTO VOLTADO A ENGAJAMENTO COM PERFIS DE NEGÓCIOS E INFLUENCIADORES DE GESTÃO",2025_6_BR_REELS_GABRIELA BAILAS REELS_ACAO_SBRAE_2025_PSMN0289,Tráfego,Mulher,2460,"25,08",99,27,"2025-06-15-PSMN-2460-25,08-99",50440,2.5,20176
2025-06-15,Sebrae Nacional - DEBRITO,1,facebook,sbrae_2025_psmn,psmn,"2025_6_BR_TRAF_CPC_MULHERES DE 25 A 45 ANOS; INTERESSES EM EMPREENDEDORISMO, PEQUENOS NEGÓCIOS E MEI; COMPORTAMENTO VOLTADO A ENGAJAMENTO COM PERFIS DE NEGÓCIOS E INFLUENCIADORES DE GESTÃO",2025_6_BR_REELS_VIC CERIDONO REELS_ACAO_SBRAE_2025_PSMN0290,Tráfego,Mulher,26638,"164,9",620,105,"2025-06-15-PSMN-26638-164,9-620",50440,2.5,20176
2025-06-15,Sebrae Nacional - DEBRITO,1,facebook,sbrae_2025_psmn,psmn,"2025_6_BR_TRAF_CPC_MULHERES DE 25 A 45 ANOS; INTERESSES EM EMPREENDEDORISMO, PEQUENOS NEGÓCIOS E MEI; COMPORTAMENTO VOLTADO A ENGAJAMENTO COM PERFIS DE NEGÓCIOS E INFLUENCIADORES DE GESTÃO",2025_6_BR_STORIES_GABRIELA BAILAS STORIES_ACAO_SBRAE_2025_PSMN0292,Tráfego,Mulher,29262,"349,61",1631,475,"2025-06-15-PSMN-29262-349,61-1631",50440,2.5,20176
2025-06-15,Sebrae Nacional - DEBRITO,1,facebook,sbrae_2025_psmn,psmn,"2025_6_BR_TRAF_CPC_MULHERES DE 25 A 45 ANOS; INTERESSES EM EMPREENDEDORISMO, PEQUENOS NEGÓCIOS E MEI; COMPORTAMENTO VOLTADO A ENGAJAMENTO COM PERFIS DE NEGÓCIOS E INFLUENCIADORES DE GESTÃO",2025_6_BR_STORIES_VIC CERIDONO STORIES_ACAO_SBRAE_2025_PSMN0291,Tráfego,Mulher,64998,"481,6",2192,2105,"2025-06-15-PSMN-64998-481,6-2192",50440,2.5,20176
2025-06-15,Sebrae Nacional - DEBRITO,1,facebook,sbrae_2025_psmn,psmn,"2025_6_BR_TRAF_CPC_MULHERES DE 25 A 45 ANOS; INTERESSES EM EMPREENDEDORISMO, PEQUENOS NEGÓCIOS E MEI; COMPORTAMENTO VOLTADO A ENGAJAMENTO COM PERFIS DE NEGÓCIOS E INFLUENCIADORES DE GESTÃO",2025_6_BR_CARD_KV_ACAO_SBRAE_2025_PSMN0293,Tráfego,Homem,22353,"82,75",317,,"2025-06-15-PSMN-22353-82,75-317",50440,2.5,20176
2025-06-15,Sebrae Nacional - DEBRITO,1,facebook,sbrae_2025_psmn,psmn,"2025_6_BR_TRAF_CPC_MULHERES DE 25 A 45 ANOS; INTERESSES EM EMPREENDEDORISMO, PEQUENOS NEGÓCIOS E MEI; COMPORTAMENTO VOLTADO A ENGAJAMENTO COM PERFIS DE NEGÓCIOS E INFLUENCIADORES DE GESTÃO",2025_6_BR_REELS_GABRIELA BAILAS REELS_ACAO_SBRAE_2025_PSMN0289,Tráfego,Homem,1987,"18,33",81,12,"2025-06-15-PSMN-1987-18,33-81",50440,2.5,20176
2025-06-15,Sebrae Nacional - DEBRITO,1,facebook,sbrae_2025_psmn,psmn,"2025_6_BR_TRAF_CPC_MULHERES DE 25 A 45 ANOS; INTERESSES EM EMPREENDEDORISMO, PEQUENOS NEGÓCIOS E MEI; COMPORTAMENTO VOLTADO A ENGAJAMENTO COM PERFIS DE NEGÓCIOS E INFLUENCIADORES DE GESTÃO",2025_6_BR_REELS_VIC CERIDONO REELS_ACAO_SBRAE_2025_PSMN0290,Tráfego,Homem,10906,"65,66",240,29,"2025-06-15-PSMN-10906-65,66-240",50440,2.5,20176
2025-06-06,Sebrae Nacional - Debrito Brasília,151,tiktok,sbrae_2025_psmn,psmn,"2025_6_BR_TRAF_CPC_MULHERES DE 25 A 45 ANOS; INTERESSES EM EMPREENDEDORISMO, PEQUENOS NEGÓCIOS E MEI; COMPORTAMENTO VOLTADO A ENGAJAMENTO COM PERFIS DE NEGÓCIOS E INFLUENCIADORES DE GESTÃO",2025_6_BR_VÍDEO_GABI BAILAS_ACAO_SBRAE_2025_PSMN0294,Tráfego,Não classificado,34,"0,22",1,4,"2025-06-06-PSMN-34-0,22-1",19369,4.8,4035
2025-06-06,Sebrae Nacional - Debrito Brasília,151,tiktok,sbrae_2025_psmn,psmn,"2025_6_BR_TRAF_CPC_MULHERES DE 25 A 45 ANOS; INTERESSES EM EMPREENDEDORISMO, PEQUENOS NEGÓCIOS E MEI; COMPORTAMENTO VOLTADO A ENGAJAMENTO COM PERFIS DE NEGÓCIOS E INFLUENCIADORES DE GESTÃO",2025_6_BR_VÍDEO_GABI BAILAS_ACAO_SBRAE_2025_PSMN0294,Tráfego,Mulher,160926,"1455,56",1906,16473,"2025-06-06-PSMN-160926-1455,56-1906",19369,4.8,4035
2025-06-07,Sebrae Nacional - Debrito Brasília,151,tiktok,sbrae_2025_psmn,psmn,"2025_6_BR_TRAF_CPC_MULHERES DE 25 A 45 ANOS; INTERESSES EM EMPREENDEDORISMO, PEQUENOS NEGÓCIOS E MEI; COMPORTAMENTO VOLTADO A ENGAJAMENTO COM PERFIS DE NEGÓCIOS E INFLUENCIADORES DE GESTÃO",2025_6_BR_VÍDEO_GABI BAILAS_ACAO_SBRAE_2025_PSMN0294,Tráfego,Não classificado,285,"0,5",1,14,"2025-06-07-PSMN-285-0,5-1",19369,4.8,4035
2025-06-07,Sebrae Nacional - Debrito Brasília,151,tiktok,sbrae_2025_psmn,psmn,"2025_6_BR_TRAF_CPC_MULHERES DE 25 A 45 ANOS; INTERESSES EM EMPREENDEDORISMO, PEQUENOS NEGÓCIOS E MEI; COMPORTAMENTO VOLTADO A ENGAJAMENTO COM PERFIS DE NEGÓCIOS E INFLUENCIADORES DE GESTÃO",2025_6_BR_VÍDEO_GABI BAILAS_ACAO_SBRAE_2025_PSMN0294,Tráfego,Mulher,706133,"1157,62",7891,60567,"2025-06-07-PSMN-706133-1157,62-7891",19369,4.8,4035
2025-06-08,Sebrae Nacional - Debrito Brasília,151,tiktok,sbrae_2025_psmn,psmn,"2025_6_BR_TRAF_CPC_MULHERES DE 25 A 45 ANOS; INTERESSES EM EMPREENDEDORISMO, PEQUENOS NEGÓCIOS E MEI; COMPORTAMENTO VOLTADO A ENGAJAMENTO COM PERFIS DE NEGÓCIOS E INFLUENCIADORES DE GESTÃO",2025_6_BR_VÍDEO_GABI BAILAS_ACAO_SBRAE_2025_PSMN0294,Tráfego,Não classificado,292,"0,76",7,44,"2025-06-08-PSMN-292-0,76-7",19369,4.8,4035
2025-06-08,Sebrae Nacional - Debrito Brasília,151,tiktok,sbrae_2025_psmn,psmn,"2025_6_BR_TRAF_CPC_MULHERES DE 25 A 45 ANOS; INTERESSES EM EMPREENDEDORISMO, PEQUENOS NEGÓCIOS E MEI; COMPORTAMENTO VOLTADO A ENGAJAMENTO COM PERFIS DE NEGÓCIOS E INFLUENCIADORES DE GESTÃO",2025_6_BR_VÍDEO_GABI BAILAS_ACAO_SBRAE_2025_PSMN0294,Tráfego,Mulher,930789,"2193,49",19247,106939,"2025-06-08-PSMN-930789-2193,49-19247",19369,4.8,4035
2025-06-09,Sebrae Nacional - Debrito Brasília,151,tiktok,sbrae_2025_psmn,psmn,"2025_6_BR_TRAF_CPC_MULHERES DE 25 A 45 ANOS; INTERESSES EM EMPREENDEDORISMO, PEQUENOS NEGÓCIOS E MEI; COMPORTAMENTO VOLTADO A ENGAJAMENTO COM PERFIS DE NEGÓCIOS E INFLUENCIADORES DE GESTÃO",2025_6_BR_VÍDEO_GABI BAILAS_ACAO_SBRAE_2025_PSMN0294,Tráfego,Não classificado,262,"0,57",12,29,"2025-06-09-PSMN-262-0,57-12",19369,4.8,4035
2025-06-09,Sebrae Nacional - Debrito Brasília,151,tiktok,sbrae_2025_psmn,psmn,"2025_6_BR_TRAF_CPC_MULHERES DE 25 A 45 ANOS; INTERESSES EM EMPREENDEDORISMO, PEQUENOS NEGÓCIOS E MEI; COMPORTAMENTO VOLTADO A ENGAJAMENTO COM PERFIS DE NEGÓCIOS E INFLUENCIADORES DE GESTÃO",2025_6_BR_VÍDEO_GABI BAILAS_ACAO_SBRAE_2025_PSMN0294,Tráfego,Mulher,609494,"2186,44",23797,93450,"2025-06-09-PSMN-609494-2186,44-23797",19369,4.8,4035
2025-06-10,Sebrae Nacional - Debrito Brasília,151,tiktok,sbrae_2025_psmn,psmn,"2025_6_BR_TRAF_CPC_MULHERES DE 25 A 45 ANOS; INTERESSES EM EMPREENDEDORISMO, PEQUENOS NEGÓCIOS E MEI; COMPORTAMENTO VOLTADO A ENGAJAMENTO COM PERFIS DE NEGÓCIOS E INFLUENCIADORES DE GESTÃO",2025_6_BR_VÍDEO_GABI BAILAS_ACAO_SBRAE_2025_PSMN0294,Tráfego,Não classificado,233,"0,75",26,29,"2025-06-10-PSMN-233-0,75-26",19369,4.8,4035
2025-06-10,Sebrae Nacional - Debrito Brasília,151,tiktok,sbrae_2025_psmn,psmn,"2025_6_BR_TRAF_CPC_MULHERES DE 25 A 45 ANOS; INTERESSES EM EMPREENDEDORISMO, PEQUENOS NEGÓCIOS E MEI; COMPORTAMENTO VOLTADO A ENGAJAMENTO COM PERFIS DE NEGÓCIOS E INFLUENCIADORES DE GESTÃO",2025_6_BR_VÍDEO_GABI BAILAS_ACAO_SBRAE_2025_PSMN0294,Tráfego,Mulher,606963,"2196,15",26533,89729,"2025-06-10-PSMN-606963-2196,15-26533",19369,4.8,4035
2025-06-11,Sebrae Nacional - Debrito Brasília,151,tiktok,sbrae_2025_psmn,psmn,"2025_6_BR_TRAF_CPC_MULHERES DE 25 A 45 ANOS; INTERESSES EM EMPREENDEDORISMO, PEQUENOS NEGÓCIOS E MEI; COMPORTAMENTO VOLTADO A ENGAJAMENTO COM PERFIS DE NEGÓCIOS E INFLUENCIADORES DE GESTÃO",2025_6_BR_VÍDEO_GABI BAILAS_ACAO_SBRAE_2025_PSMN0294,Tráfego,Não classificado,345,"1,31",33,32,"2025-06-11-PSMN-345-1,31-33",19369,4.8,4035
2025-06-11,Sebrae Nacional - Debrito Brasília,151,tiktok,sbrae_2025_psmn,psmn,"2025_6_BR_TRAF_CPC_MULHERES DE 25 A 45 ANOS; INTERESSES EM EMPREENDEDORISMO, PEQUENOS NEGÓCIOS E MEI; COMPORTAMENTO VOLTADO A ENGAJAMENTO COM PERFIS DE NEGÓCIOS E INFLUENCIADORES DE GESTÃO",2025_6_BR_VÍDEO_GABI BAILAS_ACAO_SBRAE_2025_PSMN0294,Tráfego,Mulher,545784,"2250,26",26711,85201,"2025-06-11-PSMN-545784-2250,26-26711",19369,4.8,4035
2025-06-12,Sebrae Nacional - Debrito Brasília,151,tiktok,sbrae_2025_psmn,psmn,"2025_6_BR_TRAF_CPC_MULHERES DE 25 A 45 ANOS; INTERESSES EM EMPREENDEDORISMO, PEQUENOS NEGÓCIOS E MEI; COMPORTAMENTO VOLTADO A ENGAJAMENTO COM PERFIS DE NEGÓCIOS E INFLUENCIADORES DE GESTÃO",2025_6_BR_VÍDEO_GABI BAILAS_ACAO_SBRAE_2025_PSMN0294,Tráfego,Não classificado,256,"0,85",53,45,"2025-06-12-PSMN-256-0,85-53",19369,4.8,4035
2025-06-12,Sebrae Nacional - Debrito Brasília,151,tiktok,sbrae_2025_psmn,psmn,"2025_6_BR_TRAF_CPC_MULHERES DE 25 A 45 ANOS; INTERESSES EM EMPREENDEDORISMO, PEQUENOS NEGÓCIOS E MEI; COMPORTAMENTO VOLTADO A ENGAJAMENTO COM PERFIS DE NEGÓCIOS E INFLUENCIADORES DE GESTÃO",2025_6_BR_VÍDEO_GABI BAILAS_ACAO_SBRAE_2025_PSMN0294,Tráfego,Mulher,581384,"2273,58",28411,88182,"2025-06-12-PSMN-581384-2273,58-28411",19369,4.8,4035
2025-06-13,Sebrae Nacional - Debrito Brasília,151,tiktok,sbrae_2025_psmn,psmn,"2025_6_BR_TRAF_CPC_MULHERES DE 25 A 45 ANOS; INTERESSES EM EMPREENDEDORISMO, PEQUENOS NEGÓCIOS E MEI; COMPORTAMENTO VOLTADO A ENGAJAMENTO COM PERFIS DE NEGÓCIOS E INFLUENCIADORES DE GESTÃO",2025_6_BR_VÍDEO_GABI BAILAS_ACAO_SBRAE_2025_PSMN0294,Tráfego,Não classificado,279,1,61,24,2025-06-13-PSMN-279-1-61,19369,4.8,4035
2025-06-13,Sebrae Nacional - Debrito Brasília,151,tiktok,sbrae_2025_psmn,psmn,"2025_6_BR_TRAF_CPC_MULHERES DE 25 A 45 ANOS; INTERESSES EM EMPREENDEDORISMO, PEQUENOS NEGÓCIOS E MEI; COMPORTAMENTO VOLTADO A ENGAJAMENTO COM PERFIS DE NEGÓCIOS E INFLUENCIADORES DE GESTÃO",2025_6_BR_VÍDEO_GABI BAILAS_ACAO_SBRAE_2025_PSMN0294,Tráfego,Mulher,601907,"2221,48",24881,84828,"2025-06-13-PSMN-601907-2221,48-24881",19369,4.8,4035
2025-06-14,Sebrae Nacional - Debrito Brasília,151,tiktok,sbrae_2025_psmn,psmn,"2025_6_BR_TRAF_CPC_MULHERES DE 25 A 45 ANOS; INTERESSES EM EMPREENDEDORISMO, PEQUENOS NEGÓCIOS E MEI; COMPORTAMENTO VOLTADO A ENGAJAMENTO COM PERFIS DE NEGÓCIOS E INFLUENCIADORES DE GESTÃO",2025_6_BR_VÍDEO_GABI BAILAS_ACAO_SBRAE_2025_PSMN0294,Tráfego,Não classificado,312,"0,56",57,19,"2025-06-14-PSMN-312-0,56-57",19369,4.8,4035
2025-06-14,Sebrae Nacional - Debrito Brasília,151,tiktok,sbrae_2025_psmn,psmn,"2025_6_BR_TRAF_CPC_MULHERES DE 25 A 45 ANOS; INTERESSES EM EMPREENDEDORISMO, PEQUENOS NEGÓCIOS E MEI; COMPORTAMENTO VOLTADO A ENGAJAMENTO COM PERFIS DE NEGÓCIOS E INFLUENCIADORES DE GESTÃO",2025_6_BR_VÍDEO_GABI BAILAS_ACAO_SBRAE_2025_PSMN0294,Tráfego,Mulher,903993,"2206,39",62016,99148,"2025-06-14-PSMN-903993-2206,39-62016",19369,4.8,4035
2025-06-15,Sebrae Nacional - Debrito Brasília,151,tiktok,sbrae_2025_psmn,psmn,"2025_6_BR_TRAF_CPC_MULHERES DE 25 A 45 ANOS; INTERESSES EM EMPREENDEDORISMO, PEQUENOS NEGÓCIOS E MEI; COMPORTAMENTO VOLTADO A ENGAJAMENTO COM PERFIS DE NEGÓCIOS E INFLUENCIADORES DE GESTÃO",2025_6_BR_VÍDEO_GABI BAILAS_ACAO_SBRAE_2025_PSMN0294,Tráfego,Não classificado,209,"0,33",30,15,"2025-06-15-PSMN-209-0,33-30",19369,4.8,4035
2025-06-15,Sebrae Nacional - Debrito Brasília,151,tiktok,sbrae_2025_psmn,psmn,"2025_6_BR_TRAF_CPC_MULHERES DE 25 A 45 ANOS; INTERESSES EM EMPREENDEDORISMO, PEQUENOS NEGÓCIOS E MEI; COMPORTAMENTO VOLTADO A ENGAJAMENTO COM PERFIS DE NEGÓCIOS E INFLUENCIADORES DE GESTÃO",2025_6_BR_VÍDEO_GABI BAILAS_ACAO_SBRAE_2025_PSMN0294,Tráfego,Mulher,528270,"1221,14",30601,58096,"2025-06-15-PSMN-528270-1221,14-30601",19369,4.8,4035
